Municipality,Sep 2011,Dec 2011,Mar 2012,Jun 2012,Sep 2012,Dec 2012,Mar 2013,Jun 2013,Sep 2013,Dec 2013,Mar 2014
BUF,2.0859851695,1.5708567267,1.4489155191,2.1184706038,1.7080799788,2.0986096398,1.6596411547,2.4060262182,2.1655601165,1.5909666314,2.0338215042
CPT,11.3054882506,10.137266158,9.4625497256,8.5961348932,7.5620316543,6.7729900808,6.1782209535,7.3279236561,7.6105802473,10.2370063738,9.7559404667
EC101,0.4052320907,0.3643637362,0.7275508403,0.2408173671,0.4775165219,0.4449630341,0.4340203557,0.1320965623,0.3305159532,0.3466162022,0.5588021885
EC102,1.3108160658,1.4791956002,0.9884450864,0.2624854175,0.8040664408,0.6662963169,0.781956558,0.9467529582,0.7660407755,0.5192767068,0.4740569968
EC103,0,0,0,0,0,0,0,0,0,0,0
EC104,0.0370692872,0.9721980346,1.7746361488,2.3637392711,2.4071277522,3.7575569101,2.2887050628,0.7338972509,1.026570469,0.0714019157,1.2026371439
EC105,1.4952759252,2.1716032431,1.662416634,2.5163462796,1.2014515496,2.5900680005,1.7005688505,1.4964038185,2.0391983784,1.4977115209,1.6044854191
EC106,4.965323646,4.7711177161,3.4515081462,1.8912556877,1.7131586673,2.3235358873,2.1729964773,1.0301629238,2.8150777925,2.0502715397,2.2112138559
EC107,0,0,0,0,0,0.1182365858,0,0.0394121953,0.2955914644,0.1126062722,0.0731940769
EC108,8.3267111751,5.8203494389,7.3699750401,8.0459019055,5.7994987723,2.769161306,2.2855171574,0.4032853751,1.5217232493,0.3763976542,0.5729418211
EC109,1.1280033446,1.5146201707,1.1177237292,1.0139438802,1.4370558001,0.6652239136,3.3332759511,4.3998229349,3.3408749969,3.1843444901,5.8454122913
EC121,0.2642119345,0,0.7914589128,0.3116798544,0.341576798,0.4887744254,0.886355523,0.3352137429,0,0.5785515615,0.8860024558
EC122,3.1840762312,1.5732120924,1.2344981972,2.9133840485,1.1074527517,1.2837275645,1.3124529498,1.8001505606,0.5441974722,1.7053171679,1.0410475851
EC123,0,0,0,0,0,0.4526685645,0.0051293888,0.0256469442,0.2321048447,0.05514093,0
EC124,0.2198520908,0.3974979231,0.3510563782,0.5177719135,0.3572627018,0.2222955253,0.2031552884,0.1750313574,0.034688625,0,0.15665673
EC126,0.9945975897,0.3557972018,1.0700928106,0.9883640393,0.0750796509,0.1018008034,0.1274414739,0.1863138939,-0.0909544258,0.2080066491,0.3636237706
EC127,0,0,0,0,0.0609684144,0,0.0505841167,0.0641151713,0.1544270936,0.5900090469,0.2843881525
EC128,0.4436613914,0.3412462908,0.2560995714,0.5430267062,0.1442466205,0.1978239367,0.3441312232,0.4512858556,0.3049785691,0.2617045829,0.2493405869
EC131,0.2357992678,0.3241610738,0.2313148261,0.1467815741,0.4081604637,0.677104942,0.4829621721,0.1426021965,0.9908938377,0.1638956681,63.6451647346
EC132,0.0622877918,0.032450948,0.0480754785,0,0.0420660437,0.0090141522,0.0210330218,0.0901415222,0.0390613263,0,0.0361167032
EC133,0.6326521324,0.5228255428,0.2679896227,0.1931637158,0.5881389104,1.2778207637,1.1020436029,0.4615174548,0.5530471986,0.6469892131,0.159164353
EC134,0.3125737326,0.4548795898,0.6906036503,0.534455729,0.7780603283,0.5320805566,0.4233626778,0.2684626395,0.185011771,0.2762645302,0.1293394085
EC135,1.5830971576,0.3373758358,1.3729191316,0.7469457667,0.8767369232,0.271372754,0.7029551771,0.764156784,0.8498128938,0.5009217731,0.5506975208
EC136,0.0052904738,0,0,0,0.0004520342,0,0,0.0038674033,0,0.3546710196,0.0484681065
EC137,3.9778603718,-1.3079935439,0.2149337997,0.168352485,0.1283879804,0.0485489959,0.0511211281,0.0306855375,0.0186479587,0.0173618926,0.0077163967
EC138,0.0707747476,0.0460350414,0.5718756881,0.6141203485,0.1009877009,0.129800887,0.2421282753,0.0762637224,0.0856531723,0.0033657324,0.0359850272
EC141,0.1040458662,0.1959374842,0.2020399447,0.2636147125,0.1325022984,0.1058049384,0.2947495675,0.3349114311,0.1287380285,0.264157636,0.083378577
EC142,0.0276183377,0.089824823,0.1736861722,0.0924338427,0.1816026836,0.1095788297,0.0678345136,0.1498322773,0.04509877,0.0141632501,0.038017145
EC143,0.1196803653,2.8284246575,1.1233333333,1.6352739726,0.3342922374,2.2056164384,1.2807534247,1.9786757991,0.0156621005,0.2210502283,4.6906164384
EC144,0.0640496481,0.4276806129,0.2255248389,0.085785551,0.3198028328,0.0867060605,0.343320367,0.3257416041,0.3202779345,0.2901386703,0.0811236155
EC153,0,0,0,0,0,0,5.5409525246,5.0622484119,0.3746036534,0.3948204725,0.4275695649
EC154,0.0083260747,0,0.0227365886,0.0576420556,0.0329840652,0.1015140647,0.0558999846,0.0012809346,0.0220961213,0.0166521494,0.1131065225
EC155,0.9214332449,0.7085987809,0.4690244154,0.6327697235,0.1730190434,0.3488412135,0.2894176797,0.1406728882,0.0678398016,0.0654292503,0.0320258962
EC156,0.0807539872,0.1349441629,0.0892544069,0.0804883491,0.1126305611,0.135634822,0.1481251262,0.5827622114,1.0128090699,0.5444943844,0.2010880537
EC157,0.4094441124,1.1724336411,1.2917092825,0.6866130925,0.5159017954,0.8837107879,1.8279759137,1.2899293795,0.9381018795,0.5117221226,1.2612361914
EC441,0.0165127083,0.0062106621,1.6940979087,0.4490073243,0.7391031333,0.3849433142,0.4354086233,0.4038107759,0.4431253465,0.2633742635,0.5657687534
EC442,1.1562728316,1.3103486066,1.0755662248,1.0755662248,0.4129475003,0.3921824444,0.3971192986,0.8702745016,0.8423911909,0.588607661,0.2478864419
EC443,0.217271776,0.2110640109,0.3401961654,0.2723257835,0.167432291,0.1901349745,0.2940706976,0.1161738884,0.1209627357,0.19297281,0.2289742999
EC444,0.0613021875,1.2822481771,1.1391398335,1.059374395,0.8312012002,1.2480802736,1.7240110989,1.8273859457,1.6687020068,1.5970833064,1.5970833064
EKU,14.5063237973,14.7699827275,17.7389410628,18.2464062898,11.8604413444,13.2481212659,13.1530371531,12.9272813649,14.3922840234,14.207406079,16.9046925093
ETH,5.3213285881,4.7943611957,5.9264347929,6.4510921429,5.034661966,6.114645152,5.3732746217,15.6934818864,-13.7232846875,23.4239767415,5.2091189739
FS161,0.3748576162,0.3140209175,0.3686445066,0.7391011701,0.3544061303,0.3691622657,0.2241897069,0.3093610852,0.2907217562,0.1967484726,0
FS162,0,0,0,0,0,0,0,0,0,0,0
FS163,1.6703859896,1.1291512915,1.3120131201,0.4905406197,1.102618169,0.3466291806,0.2615240438,0.2401452586,0.2749956071,0.5930416447,0.2123235518
FS164,0,0,0.1280743605,0.1335033314,0.3694167969,0,0.3694167969,0.373406268,0.6289380604,0.4654108744,1.3231060294
FS181,0.0249313165,0,0,0,0,0.1232671235,0.0929042852,0.0161998295,0,0.0568415069,0.0443205861
FS182,0.5819361071,0.62764783,2.293590009,1.2607465673,0.8550679638,2.0549920651,0.8383012489,0.3279859242,1.1246808804,0.3950182847,0.319119575
FS183,0.5026771654,0.3779527559,0.48,0.6641469816,0.7972703412,0.5942257218,0.5816272966,0.719160105,0.943832021,0.3926509186,0
FS184,1.701538401,1.0135954003,1.3290549401,1.4595939094,1.7208268444,1.4560560546,1.7450850143,1.5818122772,2.4707880953,1.4846344422,1.7830345347
FS185,0,0,0,0,0,0,0,0,0,0,0.000049249
FS191,0.5527234296,0.8107054362,1.0529054948,1.0141833264,0.8686377079,0.3100704282,1.237608462,1.3185342416,1.0868673233,0.6567137668,6.9745996785
FS192,0.9828909746,0.7514451765,0.6384416957,0.3554668076,0.0555538289,0.244646631,19.4222479488,12.1727219045,17.0690343734,4.9842196047,14.9424027225
FS193,0.7415124992,0.383893641,0.4042503813,0.1832272396,0.5529474173,0.8521152443,0.2329255354,0.3220940256,0.274749685,0.3348584311,0.5976062595
FS194,0.5224757582,5.5976550401,6.1195738927,2.7911603888,1.1626998308,0.6094751388,0.5396832488,0.482354728,0.5021233888,1.1161044004,0.4961254854
FS195,0.6608054928,0.4400066985,0.34853052,0.5612074018,0.6746629825,0.4187808758,0.5992422339,0.1011680482,0.4207485556,0.2614920874,0.2677509838
FS196,0.4346403949,0.1239619242,0.3030397994,0.8719837042,0.679645879,0.4657630837,0.7082419304,0.7031494829,1.2897602632,0.9430821059,1.0210357255
FS201,0.8603580595,1.0821892208,1.4417561608,2.181776842,1.4552425685,1.5054319388,1.2655233847,1.844928114,1.534155184,1.2598796502,1.0691637804
FS203,1.5242366412,0.948398606,1.7960089612,2.1560653833,2.0568951211,2.1046133422,2.8825672088,2.0562396283,1.8936691006,1.282484235,1.773398606
FS204,5.3473589613,8.6627612201,7.2304302921,9.301338627,5.7139590096,4.4578694637,5.8687662634,9.4070338278,5.9602100491,4.7225903372,24.6749336052
FS205,0.3749395259,0.8832676757,0.20733983,0.2298016449,0,0,0,0,0,0,0
GT421,6.9328218296,12.2044139716,13.1438718626,10.2894869212,13.6698694543,10.3365074834,8.4910200468,8.2979825764,8.78466819,7.1115021832,4.466027772
GT422,18.3589364225,37.3649594443,34.3047711986,33.32299766,6.1601242379,19.1816665093,20.4081908899,34.5390394644,38.7499921302,36.6970336093,31.8954575503
GT423,0.8114851286,5.3606109325,0.7984425241,0.4723372186,0.3727491961,0.3823553055,0.4366659968,0.497437701,0.5945840032,0.4896000804,0.5217644695
GT481,6.7262169515,11.5399754982,7.4353488475,4.7805238093,2.6180585064,2.5614283901,8.9485020225,12.0166518589,11.606599489,19.0330581477,14.8114573619
GT482,8.7241268438,9.304181236,15.1349959139,14.442492933,8.9743244511,7.4386613614,12.544893694,14.6973326367,7.5853730423,4.8234529695,6.405027933
GT483,-2.2396145553,-5.1665428973,-5.0227079549,-9.1217980263,-8.6690346882,3.1222632799,4.6877074628,13.9269641307,0.8219510231,14.0368624012,0.1395134521
GT484,7.1379910895,6.1637454435,4.3285034427,4.313299919,4.6903300932,6.1573612799,5.1601711219,5.3910692588,4.1098116646,4.0950030377,4.8991950182
JHB,18.8138355792,22.2678187898,22.3696705644,34.6007309868,22.1460724398,22.9817307417,6.7606709349,19.9662591122,13.4181344616,11.1138777229,6.8775020987
KZN211,0,0,0,0,0,0,0,0,0,0,0
KZN212,2.7905166403,2.6710491284,3.0930586371,3.4570142631,0.7738700475,15.3108082409,-2.9921901743,0.0499524564,3.456659271,-2.4569635499,2.4529698891
KZN213,0,0,0,0,0,0,0,0,0,0,0
KZN214,0.1464124446,0.2786051618,0.2394879655,0.1680268445,0.1384792245,0.1481523675,0.1435436431,0.0358962675,0.0599030614,0.1020754795,0.0862297527
KZN215,0,0,0,0,0,0,0,0,0.0038066235,0,0
KZN216,1.0124426572,1.3006383353,0.6483963535,3.6377535284,2.2717238956,0.4494973354,6.2074296758,5.3000175689,8.8884416421,8.8106974837,5.1689031175
KZN221,0.1239964653,0.0730065618,0.0908210653,0.1067272078,0.0030364563,0.0770865061,0.1386993062,0.0702521293,0.1293173144,0.1262902589,0.0661063794
KZN222,0.120806817,13.9760435767,13.6109912631,13.5451731205,14.8177974329,9.5373961816,17.2340524215,18.5892676087,32.2107108187,24.8962571459,18.2919210441
KZN223,1.4086817311,1.3699708684,5.3525969084,0.4829016088,0.1495945201,2.2544156628,4.1243471643,0,2.7353489227,1.746581634,0.8017741385
KZN224,0.012082767,0.1057242108,0.0785379852,0.0604138348,0.0558827972,0.0332276091,0.0966621356,0.542214167,0.1540552787,0.2205104969,0.231082918
KZN225,1.4992563084,1.3431214998,1.1322041078,2.1906000621,1.174064242,3.0927157029,3.4293266681,4.6211408875,3.913925786,7.2143707076,4.5806937672
KZN226,0,0,0.1702511799,0.141268886,0.0071267936,0.2053783536,0,0.6889233791,0.1076937696,0.1076937696,0
KZN227,0.0114753849,0.0099554664,0.0096210843,0.009347499,0.0131320961,0.0072044138,0.0071132187,1.7412186707,0.0086331373,0.2910036022,0.0594136154
KZN232,3.8518343813,3.4171253848,4.6529732097,4.4240872316,4.8627046332,4.4422941665,6.7473982572,9.4090642992,3.4659593913,4.0539258835,4.2802764523
KZN233,0,0,0,0,0,0,0,0,0,0,0
KZN234,0.8466321119,0.509903431,0.3382199079,0.6626339398,0.1052277128,0.1395620122,0.0318689644,0.2797253256,0.1690859019,0.4552451505,0.4023306435
KZN235,0.4062301239,0.4995835479,0.3388405973,0.3835145531,0.2381349002,0.3665763092,0.1837386801,0.3551200897,0.3939410001,0.2257473423,0.2551715783
KZN236,0,0,0,0.0172454963,0.0101704209,0,0.0176876885,0.0017687688,0,0,0
KZN241,1.7666276094,1.7412506552,1.5465141377,1.5434306682,1.5148314884,2.6978662391,2.0970213684,1.8739631834,1.5437852672,1.3650365391,1.5081095248
KZN242,0.1518387001,0.0453701295,0.2335049332,0.0759193501,0.1022340252,0.0372035062,0.1887397388,0.0898328564,0.1696842844,0.0750119475,0.0626107787
KZN244,0,0,0,0,0,0,0,0,0,0,0
KZN245,0.8421231315,0.8404159351,1.6208665962,1.5422967612,2.4843587828,1.3109813469,1.444753766,1.7840784534,1.8494660161,1.477141998,1.1871126071
KZN252,0.3491118722,1.0932974705,1.2269240934,1.3574480503,1.695534033,2.1140333007,1.0489048442,1.877085421,1.1412745433,2.1855598013,2.0044874407
KZN253,0.9414087451,0.9414087451,0.8515184949,0,0.3713489344,0.5393124673,0.7269031996,1.1807676674,0.5743859242,0.5952325649,0.157307938
KZN254,0.102426562,0.2094732824,0.5554957371,0.3592368908,0.6982116463,0.3195935827,1.195172326,0.8150468378,0.2270925304,0.1747242098,0.2055578939
KZN261,2.467917078,0.0073123469,1.4988848671,1.7695879493,1.1854533046,1.5815996978,1.2455607961,0.1266985972,0.2237212533,-0.3317611788,0.7459568815
KZN262,0.0575614203,0.0925666861,0.0472185982,1.2870368915,0.9694430909,0.3114164008,0.8462880586,0.4624640438,0.184693252,0.7077288232,0.457410522
KZN263,1.1586468303,2.0868047001,1.6065526391,9.2738652516,2.3550033166,2.6564484033,2.5389604852,16.8851558798,1.9809959253,2.162721501,2.3823699422
KZN265,0.2320222874,0.2460596794,0.1241354896,0.0591612453,0.088816262,0.074327375,0.0446877501,0.0537125208,0.0800993289,0.0788936319,0.1184764094
KZN266,3.8301481013,4.6091908856,5.7868062894,5.1426796306,9.0105938391,5.3927632662,3.9623719579,2.9008321076,5.108604109,7.2778187843,2.6492881684
KZN271,0.091650929,0.1293257452,0.1990608412,0.2190307268,0.162374949,0.2568012454,0.1352592895,0.1508268681,0.1566328093,0.3228358514,0.2683238056
KZN272,0.0465142465,0.0944493893,0.1566953706,0.5439459094,0.4505099141,0.2214078133,0.368274871,0.4264726384,0.4302527587,0.5426215268,0.4405421926
KZN273,0.0760394804,0,0,0,0.2327698678,0.1361393159,0.0934256055,0.394236769,0.9632707471,0.3400646662,14.199302286
KZN274,12.184469934,6.8343830379,2.4291275634,1.5954118874,1.3653806048,3.0847410497,0.6654153632,0.8622871046,0.4058394161,0.3027459159,0.2294056309
KZN275,0.2537836682,0.1316745048,0.4232407012,0.4543252102,0.6596266211,0.2238905515,0.5766794927,0.4817443352,0.0896451475,0.1077383497,0.0396237708
KZN281,0,0.0170885921,0.1249094711,0.1627484966,0.1814645737,0.0728299522,0.1009040679,0.133046896,0.1269438274,0.1729202776,0.1110758489
KZN282,1.5674238098,1.8647517334,3.0601149917,2.4665265399,8.1612365043,8.461031098,6.6041816785,7.9042662927,7.2995793206,6.2923587047,6.1262546381
KZN283,0,0,0,0,0,0,0,0,0,0,0
KZN284,2.6881475274,3.9203046802,2.784645203,2.1611462493,3.9774251993,3.7730722234,2.8259652342,2.6258538115,2.5448850895,3.9647286295,2.9247100903
KZN285,0.7486720482,4.4168304822,9.622966247,5.4881634531,15.0643272408,12.6056505918,12.3181647079,10.7941988373,23.0604374922,15.4962148145,12.5928311514
KZN286,0,0,0,0,0,0,0,0,0,0,0
KZN291,0.0116238648,0.2281681369,0.132577239,0.1070916439,0.0855386086,0.3372151972,0.1910514347,0.0496096409,0.1374005997,0.117650893,0.1370602123
KZN292,2.6007604234,4.2997789668,3.557436188,3.3978856943,1.3597607132,6.8129133559,5.0188332389,4.4888639932,-3.4727947506,3.6513990839,3.0468278926
KZN293,0,0,0,0,0,0,0,0,0,0,0
KZN294,0,0,0,0,0,0,0,0,0,0,0
KZN431,0.0646457413,0.0119345984,0.5211441302,0.1552492342,0.1243187333,0.1208378088,0.2511238413,0.551875721,0.2848390818,0.2368023233,0.992660222
KZN432,5.7528298961,1.5738874244,2.4538688169,2.7756241278,2.0080632656,1.6979376648,0.9342533726,1.413397426,3.6858427663,0.4225461312,24.7255388432
KZN433,12.0745972325,7.4308209939,9.6209817978,13.2742910838,6.6694806081,2.6011579091,0.790697322,1.1260817508,0.8982889014,0.4299722647,0.4524029645
KZN434,0.1017789185,2.5738659272,2.1679991346,0.2120246629,0.4655377565,0.2870362176,0.3456844755,0.3316812697,0.3166750253,0.221307687,0.1839690828
KZN435,0.4323801178,0.4949972823,0.6904804162,0.6736752781,0.8503067076,0.7052057104,0.8181273641,0.7183780546,0.8013776885,0.9940766048,0.8881265876
LIM331,0.2476936495,0.1157126654,0.075318262,0.1058484872,0.0468927225,0.1137881474,0.0427775298,0.0419544913,0.0303500575,0.0647620764,0.0184999406
LIM332,0.5819671746,0.4515587609,0.4139848896,0.3519024358,0.3158189195,0.2528667002,0.1688755577,0.2470369204,0.1717199261,0.3213195989,0.1413956681
LIM333,2.9665414835,4.3682077443,3.4486368705,1.2946128507,1.4613209603,1.4430254169,1.1281662159,2.3780796985,3.2256629795,0.9412091926,2.7205526859
LIM334,0.5651334002,0.5598890047,0,0,0,0.3409720055,2.861050074,0.719278796,4.779702198,3.0536986265,2.3234663462
LIM335,0.2098316413,0.4203168981,0.6011153631,0.2730425799,0.3050275678,0.317319755,0.7222977745,1.0799308433,0.5656092856,0.4037656683,0.5821394309
LIM341,1.2317324712,8.5936453137,6.1829459179,21.111294782,5.5097792536,1.7213534429,2.1562339999,6.1559414269,4.3073040858,2.4568820492,2.6521745491
LIM342,0.4423642103,0.5077827365,0.5279198868,0.5725481659,0.650702079,0.4949385001,0.485250898,0.4230978557,0.4502013715,0.370305867,0.8122346794
LIM343,1.8706840517,1.6502517535,1.7133146418,1.2463789206,1.2841694397,1.0442840466,0.4353218144,0.3582273446,0.1125857369,0.3125171797,0.2201105323
LIM344,3.0908433796,1.7154085704,0.8022735068,0.5420023216,0,0,0,0,0.754266701,1.2927711707,0.7842784639
LIM351,0.586967884,0.6965793309,0.4699469344,1.10994964,0.9917665361,0.2323447848,0.9415971321,0.8291571614,0.9932976283,0.748113805,0.7161145921
LIM352,0.3166646336,0.7435805556,1.3572702876,1.9795828124,0,0,0,0,0,0,0
LIM353,0.4865169265,0.6326289454,0.7757036955,1.1959823118,0.0937029754,0.117244117,0.0918566114,0.2174093666,-0.0286186427,0.0724697889,0.3738887196
LIM354,2.2001561211,1.4741947126,1.6013570769,0.9381095995,0.698109218,0.9788791397,1.5022154248,0.9958251126,1.0159094053,1.5154125841,0.4451263039
LIM355,0.6533535924,1.2004297808,0.418519644,0.5085131322,0.5852138051,0.2225135663,0,-0.5501410896,0.953939657,1.0405686998,0.9782504884
LIM361,1.4548536969,3.3440059131,1.8173733487,0,1.7695637891,0,0,0,0.5708872046,0.4000985522,-0.8007719924
LIM362,0.5953078166,0.087442881,0.048355749,0.0052346524,0.1094353313,0.1071894409,0.0164727427,0,0.1357122496,0,0
LIM364,1.7537037037,0,0.4302749719,1.0304433221,0.172362514,0.4042648709,0.1797699214,0.3628507295,0.3980639731,0.4382154882,0.0882996633
LIM365,0.0073854597,1.0418022857,0.0014011939,0.0038532833,0.0047144338,0.0051523069,0.0028315794,0.0208719513,0,0,0
LIM366,4.5993082707,2.7475037594,1.8937593985,8.548962406,8.4530827068,0.6111278195,0.5276390977,50.3704962406,22.854406015,7.3666616541,5.7445714286
LIM367,0.8317873649,0.7469952743,1.3415604423,1.2481068116,0.2040385853,0.7132818949,1.3484896744,0.8954179965,0.6084951346,5.4123023121,7.7500016251
LIM471,0.2450504658,0.6119953416,0.5279503106,0.0339673913,0.2054218427,0.3094591097,0.4061529503,0.3876892469,0.3192934783,0.202186853,0.3491362578
LIM472,1.1987744774,1.0183948701,1.4369814287,0.5656572948,0.7211775604,0.7231225162,0.5305518461,0.9754654861,0.6724333602,0.4039893649,0.2540473126
LIM473,0,0,0,0,0,0,0,0.0285721575,0.0459253967,0.0207028773,0.0109346183
LIM474,0.5821205821,0.6717095794,0.3922810384,0.3240151394,0.2767098459,0.0740977664,0.7476304707,1.5327895943,1.6965083427,1.281934005,1.083117437
LIM475,0.3552532799,0.7730668859,0.2460706157,0,0.442113824,0.2657145581,0.2402227148,0.2032853108,0.2151568775,0.1321214504,0.1390298979
MAN,0.4720462491,0.5018162212,1.1094883675,1.7765358943,1.5291030209,0.9730463414,0.6957190697,1.6827787448,1.4633257117,4.0015064936,3.0019841296
MP301,0.0046234073,0.1252620827,0.1529487662,0.1919251653,0.0778452771,0.2768668351,1.0267189936,0.1268748992,0.4654588463,0.2136981883,0.0099457018
MP302,0.6935471994,0.8415351761,0.3842961098,0.9841207147,0.7795175964,0.3209931917,0.3044712372,1.2481707358,0.3205647456,0.4964084163,0.3160928389
MP303,1.3662069286,1.3734867602,0.9170436441,0.863520601,2.218691491,1.4237013176,1.2862915887,0.9193520252,1.0644718633,0.4879115256,0.6681571327
MP304,0.0002402835,1.7191926473,0.351054244,0,0.6892653331,0.8851444705,1.1786988647,1.1647143629,0.7429807172,0.5465248994,0.7770168799
MP305,1.9979076966,2.8347080286,3.3430426588,11.0142916429,0.6628192492,0.1541301378,0.2747747748,0.5667721464,0.220703429,0.9616814511,1.0264391071
MP306,4.5299598962,0.3578202406,1.0759613116,0.7268223638,0.7114885586,3.2882047653,3.9458834631,1.2222222222,1.8048124558,1.8962727058,1.2808917197
MP307,5.0825190638,7.4399805798,9.6638837773,7.7995606679,6.8345001324,5.4252218729,7.3986752134,4.7056271177,5.174822943,9.0899815983,2.5596493492
MP311,1.072827758,0.5594417643,1.2070720458,1.6330249695,1.1444096909,0.640977045,1.1554365689,0.5655118486,0.6638260086,0.077877326,0.6620235381
MP312,1.7700383851,1.1470012593,0.9971780128,0.5989136866,0.3645774858,0.5711692029,1.2050113031,0.9949047453,2.8027213465,2.3182169896,2.1010883363
MP313,6.5695402274,7.0580295957,3.3588288786,7.5079036335,5.4977657496,5.4279579343,6.1430833961,6.9632425565,8.8885441912,7.5432469945,6.9426230578
MP314,2.1181590986,2.9068536089,1.3520840393,2.2150330396,2.2913207387,13.3918375127,2.9909352762,81.0081751948,1.3539054558,1.1191757032,1.1700059302
MP315,0.0170361208,0.0388361711,0.0268957476,0.0334795689,0.0441186892,1.4887295544,0.523742342,0.1200613287,0.2954409292,0.26485064,0.5589483924
MP316,0.3256843075,0.1735327687,0.3015958831,0.4353537174,0.2898219899,0.3117278388,0.1930477964,0.2823331531,0.2120702429,0.2229831201,0.1223043191
MP321,0.5234634657,1.3188327726,1.6961285536,62.06253875,2.7950237328,2.1639850793,3.6828950979,1.4952686839,5.013904276,2.4345187881,3.0249626475
MP322,0.9251062341,0.9056291334,0.8174471887,2.4722483585,0.9513938661,1.7643182505,1.411048686,2.2387982894,1.1996317897,1.6649048734,0.7623549153
MP323,0.2947167788,0.2572368813,0.182187742,0.0521472393,0.5642980523,0.7074870451,0.4841562928,1.8117517422,0.5771934004,0.0155607838,0.8682023944
MP324,0.3593975015,0.1886649874,0.4107320052,0.3988245172,0.2534895555,0.2239930794,0.1587436074,0.272167519,0.2281759662,0.2269012544,0.2451466809
MP325,0.2974606835,0.3569768387,2.6113777788,0.0704593828,0.1580144407,0,0.0020785296,3.1213953677,0,0.7768342793,0.0039723011
NC061,0.1443832415,0.2324319813,0.4389918211,0.2491236855,0.086796862,0.8070438992,0.3826573193,0.9046903689,0.1836087465,0.0342179937,0.1992154899
NC062,1.7542356668,0.7505155077,0.6711804596,0.2237409919,0.0917710083,0.6258582938,0.9556557046,1.135031143,1.0415594907,1.0390722986,1.8643948896
NC064,0,-0.0182585648,0.0253263964,0,0.0081476391,0.0034357514,0.0232649455,0.0194365368,0.0198291941,0.0268970256,0.0053008737
NC065,0.9172768561,0.5155250718,0.9522661971,0.9594030957,1.1138659746,0.5914357216,0.7988692186,1.0057002503,0.675224766,0.407498378,1.3611085365
NC066,0.0443279314,0.1175722911,0.0586272641,0.0806323483,0.1340959644,0.0302669209,0.0388465205,0.1320305052,0.1418811567,0.1468064824,0.1060533842
NC067,0.2827918171,0.3152827918,0.4693140794,0.3088648215,0.2727637385,0.5134376254,0.1845166466,0.2045728039,0.1564380265,0.0882470919,0
NC071,64.6932960594,118.385839471,118.3861620343,58.8742540724,74.6394279877,277.6056126015,146.6592656309,100.9701628945,150.5392720821,139.1999354873,124.2111714424
NC072,0.0290738652,-0.0545179025,31.783972371,157.2942979983,32.6746193967,4.8156540739,9.2963067381,2.2329080913,0.9975331266,0.7667747392,10.4924231745
NC073,21.5077202758,26.2340400416,55.0382472377,46.1514779488,15.4722117292,32.2775993956,64.9306355652,5.4379072623,14.895906129,6.9956794787,26.0920058551
NC074,0.2474942174,0.3975841686,0.7779491133,0.2170821554,0.0645078386,0.1775893087,0.3074616637,0.3789085925,0.1841857277,0.1105971044,0.088923156
NC075,0,0,0.2347422117,0,0.1286208781,0.3800327929,0.236837311,0.3790307889,0.6639642922,1.3052468574,0
NC076,34.419336348,6.7575313674,4.3834787593,7.3638621744,3.2587733265,25.6377937711,27.4918794981,8.1739379657,0.2101776957,0.3502961595,0.2929749697
NC077,0.9749432634,0.2709462276,0.1296836645,0.1829465981,0.0731323237,0.8336807003,0.233893752,0.0439998147,0.5618544764,0.0856838498,0.1111574267
NC078,3.2648343942,3.1245010249,1.5535656489,0.3156489373,0.2899449779,0.2697162585,0.5014025245,3.1631783364,1.1673589384,1.1084798792,0.7855486029
NC081,0,0,0,0,0,0,0,0,0,0,0
NC082,1.2974692192,1.1384718153,0.9788975087,0.3723754725,0.3826686302,0.9707297818,0.6539495058,0.2455328,0.2870394267,0.1222274515,0.7553629173
NC083,4.609269044,3.3776499027,4.5514364558,3.7287526472,4.0493828481,6.0875029414,3.3571993925,3.8496908893,2.9753674033,1.1348428776,1.3453590605
NC084,0.132235379,0.1743102723,0.2317725551,0.0739315982,0,0.0108192583,0.087756206,0,0.0477249504,-0.1682995732,0
NC085,0,0.0066964922,2.0604109082,0.0362465449,0,0.0117687288,0,0,0.4917504916,0,0.5864987319
NC086,0,0,0.003906459,0,0,0.4982073099,0,0.0100069567,0.0083480494,0.4532562744,0.3446246053
NC091,4.6888982063,5.5686600199,5.6129067372,4.9976576453,4.9403364766,4.7251502776,4.2334251192,4.8562939192,5.4062715438,3.7875431884,5.1150172754
NC092,0.0190217971,0.3484127154,0.0090732478,0.7298307039,0.2059733994,0.0017079055,0.1120385987,0.5277214406,0,0.0149441728,0.0149441728
NC093,0.2867294662,0.1640224756,0.0525119815,0.9968187077,9.8166831929,14.4110064452,7.8759709139,-0.5763097009,2.5836638572,-0.8654767807,2.379730623
NC094,2.0564444444,1.035984127,1.2065396825,0.7469047619,0.353968254,0.280952381,0.2870793651,0.2531746032,0.5431746032,0.3436507937,0.6412698413
NC451,0,0,0,0,0,0,0,0,0,0,0.000558472
NC452,11.3937598104,11.299932729,9.9587511078,9.7826077671,0.7021494698,0.6561702491,1.0355255149,47.1787380807,9.610255096,6.037009749,2.9690873562
NC453,0.584304491,0.5502318764,0.8571016652,1.2349280342,0.5005887017,0.5552778912,0.4542614797,1.2258692361,1.0526227263,0.4229761876,0.4181464305
NMA,5.1496005173,5.8839091584,5.5292995925,5.631407455,5.6436866111,5.4779696471,4.0376307921,4.847264379,4.062730717,-1.2541256732,1.8576626465
NW371,0,0,0,0,0,0,0,0,0,0,0
NW372,0.693025068,1.505596159,0.1505422294,0.2914108437,0.5482874266,0.4360982109,-0.0992582445,0.5447263297,0.564079844,0.6650955945,0.2143193801
NW373,1.9771896465,3.061505709,2.9223636446,2.9456634672,2.5384324251,3.7149506437,3.0383314379,6.8207141882,4.1978419688,3.8478078515,4.8397998453
NW374,6.660267586,9.6475543106,8.6474759545,4.253736606,1.8805461419,12.2253521127,5.6006973692,11.938529648,17.1886422849,9.1946561147,2.5851632745
NW375,0,0,0,2.4369088945,0,2.7259909134,3.7773031985,1.7930027953,1.7859940467,7.2161250691,0
NW381,0,0,0,0,0,0.0101547434,0,0,0,0.0138812547,0
NW382,0.0693055757,0.1428536927,0.1263745995,0.0882078282,0.1270830314,0.0666892077,0.0429406366,0.0973852421,0.2190181777,0.4297525318,0.122373569
NW383,2.6381021312,2.3247555115,2.0344633602,1.3071070604,2.6042905117,2.6118507034,1.7720657092,2.2079121316,1.8272372713,1.2448864085,1.7000792379
NW384,0.412499556,0.1607441001,0.3025008585,0.2912102876,3.444139205,4.9523333057,8.3226367953,0.6098210797,0.4144415105,1.1617624421,0.4031094954
NW385,0.7273028869,10.7824142576,1.6306688872,0.5736067891,0.8775089077,0.7494376729,1.4539688016,1.2201535369,1.2947124667,2.1316674739,0.5985150584
NW392,0.4150432009,0.2578727482,1.5661191057,1.6251179228,1.6787259849,1.020230305,0.7181383927,2.6123598029,1.265135293,1.411060032,1.4005031371
NW393,5.7865628366,0,2.0918233783,0,0.1361113412,0.4403611963,0.2201805981,0.0894706321,0,0,0.0683124845
NW394,0,0.0005854471,0,0,0.000771214,0.0008838,0.0003321287,0,0,0.0003264994,0
NW396,0.4009540264,0.2319148137,0.048828125,0.5042442909,0.2679912861,0.3525015024,0.1098632813,0.4371619591,0.4371619591,0.3318434495,0.6304462139
NW397,0,0,0,0,0,0,0,0,0,0,0
NW401,20.1941906811,39.9918168671,26.4930161194,15.8901626045,14.95068957,8.1082148778,14.1287432542,22.4250996438,14.8119290325,32.7710310042,23.14909527
NW402,4.0641304481,5.8609810644,1.8254199383,14.1364876322,16.2949337069,16.9021700397,18.5480886202,18.0873053907,17.9088362148,12.6025116428,7.2386429265
NW403,5.3515436093,3.8213862886,3.8174281873,3.5209342925,5.2459164836,2.9465530907,5.4167243576,6.213795162,3.9414236122,5.0087414341,12.1443578244
NW404,0.0551584955,0.2327943029,3.9037329357,0.0641823277,0.1456539065,0.0831555133,0.052639021,52.8667120858,0.0643365812,0.0365195259,47.4866699231
Summary,5.2725229393,5.7560064394,6.0368888397,7.2503635126,5.1650139289,5.466878813,4.1750993127,6.6558820502,3.7329023832,6.2575009277,4.8744504865
TSH,0.5258967348,0.316802602,0.3360527238,0.375499403,0.3072834802,0.3270641536,0.4530105891,0.2583337669,0.4860071306,0.316283346,0.26526722
WC011,3.9000402103,5.1646834557,4.8179069802,4.3392705556,6.9088269022,5.8932342472,4.7915022265,4.3132232267,5.543881335,5.3063130147,5.0803312136
WC012,18.7360352033,15.8487582382,16.9936505385,15.2743730911,7.5900779617,9.4442412795,9.7114611799,8.3131128436,7.2664362643,6.8508680276,3.8620599582
WC013,1.0932355365,0.8932258429,0.0102428228,4.2353102735,1.4656930061,2.7713459457,3.2468617219,4.6684976655,4.9546343118,2.646364121,4.8476985961
WC014,4.3118062767,6.9987398304,7.7998749912,6.4863347212,4.7496496729,4.3965098344,5.4521790852,4.2625286058,2.7661830976,-2.2150857419,4.5035940036
WC015,10.5288672843,10.6514829205,9.5796575306,6.9335630527,7.8841265097,13.7297691672,4.8715915684,4.9771452682,5.9692867566,17.4644960532,17.6431936851
WC022,0.8446949442,1.6852586549,2.9435168095,1.8920963207,1.6261621789,2.2060873165,0.9882359029,1.3413744329,1.4983785555,2.7806737619,2.053809532
WC023,2.9187461693,4.7037395229,5.2856420788,3.2689702382,3.5133844354,4.9556160502,3.0435640885,2.9549752848,4.2415725418,5.6963488311,5.7196631405
WC024,19.6682719783,20.6150655288,19.9857191475,20.2583074878,12.2141036261,8.7749545697,22.4740613743,30.4870258712,29.5436676876,46.407139142,33.4426101083
WC025,11.6908496928,11.3883051101,13.6868095309,18.8202427694,18.3145511764,17.820332684,20.2576172636,25.4365472801,20.5174104601,17.0895789,25.14826315
WC026,0.8565244976,5.3162068683,6.830481765,3.1012647865,3.0054541361,3.10977856,2.8664811101,3.9822868487,3.542927019,6.0204658016,6.1710429373
WC031,6.7462634433,7.6154609799,8.1260777645,8.7030793271,9.022428532,10.8238257193,-10.1181910102,23.4309219597,32.523274198,34.8678371174,18.6236510709
WC032,20.9637955043,20.0866819176,13.2542644719,11.6123806445,10.7831708773,13.4272180227,25.2613760692,25.6456385518,20.5917545256,21.8865252636,21.3472249851
WC033,5.6632060052,5.2514680065,5.9319874084,5.8634299897,4.0077789212,7.6563351292,8.6751013984,5.7225921666,4.1238876445,3.4010533325,5.254464556
WC034,7.3468092215,9.8538255931,8.8353658537,9.3679697071,10.9949326206,8.3842855552,5.9840461076,12.052789843,24.2093495935,24.0102461299,21.0780432119
WC041,2.547058586,6.1195138693,9.294948924,15.063350426,8.7078370412,14.651027577,15.9955586062,5.3954859289,0.7660596762,0.9613194977,3.6882141559
WC042,17.2316591315,5.623171612,18.9779263706,13.0563808366,14.5370426656,1.6800083583,10.929903879,10.4569735192,13.1136544964,15.1522548535,6.813096007
WC043,15.5325170524,13.9478362965,7.560225875,13.4942860338,8.9035782176,9.8928659287,15.633389243,16.6636587275,-11.3575981214,16.7872078721,15.8386782959
WC044,19.6203787847,17.3979615019,18.4370017349,22.3279462183,18.2562321864,15.9588221323,22.6222169441,23.4194204635,18.7686655789,13.2215085299,18.7373445826
WC045,0.1497190748,0.0936799641,1.5703668185,11.9171817831,0.6306276255,1.1847956386,5.7067745197,2.0557055445,1.1961577351,1.508761323,3.316877404
WC047,17.893454294,20.5952158171,31.304340751,34.8384728042,15.3301737114,16.7915869981,29.5172897767,37.2903665433,28.6224319596,47.1925470892,14.1715552663
WC048,9.579603548,9.3777509139,25.5341324517,27.7203279978,25.0511659069,26.5890851891,52.2499162528,54.1038756754,42.4506182729,42.9216708662,41.3271967258
WC051,14.157316926,55.5882494873,66.680781759,36.9163952226,33.8623476897,70.7294004102,86.2739775606,89.2563638557,103.6977922548,102.2467125106,101.0072385089
WC052,21.9947472594,23.1865103532,22.4615560292,12.084728989,14.5676766139,7.3743909866,3.8633526188,14.678136419,3.4725182704,11.4019488429,21.3818514007
WC053,35.2403904328,30.4348203122,57.8227523898,35.7194167709,45.0957528335,43.5850239987,48.2066107369,67.0541483483,67.5613882951,47.658956157,56.6108780704
