Municipality,Name,Sep 2011,Dec 2011,Mar 2012,Jun 2012,Sep 2012,Dec 2012,Mar 2013,Jun 2013,Sep 2013,Dec 2013,Mar 2014,Total,Population,Sep 2011P,Dec 2011P,Mar 2012P,Jun 2012P,Sep 2012P,Dec 2012P,Mar 2013P,Jun 2013P,Sep 2013P,Dec 2013P,Mar 2014P
NC084,!Kheis,0.000203,0.000372,0.001354,0.000191,0,0.000024,0.000213,0,0.000316,-0.000104,0,0.00011,16637,0.132235379,0.1743102723,0.2317725551,0.0739315982,0,0.0108192583,0.087756206,0,0.0477249504,-0.1682995732,0
NC083,//Khara Hais,0.004624,0.003645,0.004288,0.004599,0.003556,0.005314,0.003373,0.003827,0.002212,0.000888,0.001004,0.003243,93494,4.609269044,3.3776499027,4.5514364558,3.7287526472,4.0493828481,6.0875029414,3.3571993925,3.8496908893,2.9753674033,1.1348428776,1.3453590605
KZN261,Abaqulusi,0.004734,0.000019,0.005941,0.002208,0.002988,0.008101,0.003027,0.000606,0.000768,-0.000635,0.002854,0.002474,82053,2.467917078,0.0073123469,1.4988848671,1.7695879493,1.1854533046,1.5815996978,1.2455607961,0.1266985972,0.2237212533,-0.3317611788,0.7459568815
LIM351,Aganang,0.002112,0.004091,0.003807,0.024992,0.002587,0.000703,0.005406,0.021889,0.002621,0.002934,0.003648,0.003505,162629,0.586967884,0.6965793309,0.4699469344,1.10994964,0.9917665361,0.2323447848,0.9415971321,0.8291571614,0.9932976283,0.748113805,0.7161145921
MP301,Albert Luthuli,0.00008,0.000411,0.000486,0.000737,0.000132,0.00065,0.002102,0.001677,0.000796,0.000481,0.000024,0.000676,186010,0.0046234073,0.1252620827,0.1529487662,0.1919251653,0.0778452771,0.2768668351,1.0267189936,0.1268748992,0.4654588463,0.2136981883,0.0099457018
EC124,Amahlathi,0.000519,0.004821,0.001277,0.005901,0.000726,0.000812,0.000635,0.00208,0.000068,0,0.000283,0.000829,122778,0.2198520908,0.3974979231,0.3510563782,0.5177719135,0.3572627018,0.2222955253,0.2031552884,0.1750313574,0.034688625,0,0.15665673
LIM331,Ba-Phalaborwa,0.000923,0.000556,0.000438,0.001835,0.000159,0.000477,0.000216,0.0008,0.000095,0.000251,0.00008,0.000393,244217,0.2476936495,0.1157126654,0.075318262,0.1058484872,0.0468927225,0.1137881474,0.0427775298,0.0419544913,0.0303500575,0.0647620764,0.0184999406
EC107,Baviaans,0,0,0,0,0,0.000234,0,0.000126,0.000284,0.000142,0.000125,0.000125,17761,0,0,0,0,0,0.1182365858,0,0.0394121953,0.2955914644,0.1126062722,0.0731940769
WC053,Beaufort West,0.032199,0.065587,0.087855,0.069047,0.033292,0.049606,0.059241,0.094759,0.04665,0.048889,0.058768,0.054177,49586,35.2403904328,30.4348203122,57.8227523898,35.7194167709,45.0957528335,43.5850239987,48.2066107369,67.0541483483,67.5613882951,47.658956157,56.6108780704
LIM361,Bela-Bela,0.002301,0.006062,0.017324,0,0.008247,0,0,0,0.000916,0.000497,-0.001145,0.002132,85234,1.4548536969,3.3440059131,1.8173733487,0,1.7695637891,0,0,0,0.5708872046,0.4000985522,-0.8007719924
WC013,Bergrivier,0.001305,0.00149,0.000016,0.00621,0.001613,0.004064,0.004345,0.007095,0.005056,0.003383,0.005488,0.003677,61897,1.0932355365,0.8932258429,0.0102428228,4.2353102735,1.4656930061,2.7713459457,3.2468617219,4.6684976655,4.9546343118,2.646364121,4.8476985961
WC047,Bitou,0.005526,0.024476,0.031394,0.034206,0.002945,-0.034149,0.02979,0.024354,0.00628,0.042392,0.011072,0.014474,49162,17.893454294,20.5952158171,31.304340751,34.8384728042,15.3301737114,16.7915869981,29.5172897767,37.2903665433,28.6224319596,47.1925470892,14.1715552663
LIM352,Blouberg,0.018335,0.005945,0.008375,0.101677,0,0,0,0,0,0,0,0.002895,131164,0.3166646336,0.7435805556,1.3572702876,1.9795828124,0,0,0,0,0,0,0
EC102,Blue Crane Route,0.001078,0.001666,0.001031,0.000378,0.000695,0.000599,0.000686,0.000908,0.000523,0.000427,0.000453,0.000754,36002,1.3108160658,1.4791956002,0.9884450864,0.2624854175,0.8040664408,0.6662963169,0.781956558,0.9467529582,0.7660407755,0.5192767068,0.4740569968
WC025,Breede Valley,0.013638,0.014108,0.015011,0.024475,0.020743,0.018297,0.021884,0.027943,0.023108,0.01903,0.021115,0.019987,166825,11.6908496928,11.3883051101,13.6868095309,18.8202427694,18.3145511764,17.820332684,20.2576172636,25.4365472801,20.5174104601,17.0895789,25.14826315
BUF,Buffalo City,0.001062,0.001681,0.00159,0.003316,0.000757,0.001969,0.001608,0.003928,0.001329,0.001032,0.001592,0.001507,755200,2.0859851695,1.5708567267,1.4489155191,2.1184706038,1.7080799788,2.0986096398,1.6596411547,2.4060262182,2.1655601165,1.5909666314,2.0338215042
MP325,Bushbuckridge,0.000418,-0.010421,0.041661,0.00988,0.000368,0,0.000008,0.343669,0,0.002475,0.000021,0.002711,541248,0.2974606835,0.3569768387,2.6113777788,0.0704593828,0.1580144407,0,0.0020785296,3.1213953677,0,0.7768342793,0.0039723011
EC101,Camdeboo,0.000363,0.000875,0.000893,0.00076,0.000292,0.000572,0.000594,0.000334,0.000203,0.000396,0.000664,0.000468,50993,0.4052320907,0.3643637362,0.7275508403,0.2408173671,0.4775165219,0.4449630341,0.4340203557,0.1320965623,0.3305159532,0.3466162022,0.5588021885
WC033,Cape Agulhas,0.002682,0.005593,0.005286,0.007501,0.001615,0.005435,0.006854,0.003941,0.001606,0.002478,0.003731,0.00364,33038,5.6632060052,5.2514680065,5.9319874084,5.8634299897,4.0077789212,7.6563351292,8.6751013984,5.7225921666,4.1238876445,3.4010533325,5.254464556
CPT,Cape Town,0.007641,0.007504,0.00627,0.006487,0.004672,0.004269,0.004025,0.004648,0.004387,0.00652,0.005292,0.005543,3740026,11.3054882506,10.137266158,9.4625497256,8.5961348932,7.5620316543,6.7729900808,6.1782209535,7.3279236561,7.6105802473,10.2370063738,9.7559404667
WC012,Cederberg,0.024687,0.024452,0.027347,0.023883,0.007883,0.011199,0.01332,0.015226,0.008072,0.008726,0.003705,0.014143,49768,18.7360352033,15.8487582382,16.9936505385,15.2743730911,7.5900779617,9.4442412795,9.7114611799,8.3131128436,7.2664362643,6.8508680276,3.8620599582
KZN252,Dannhauser,0.000536,0.001269,0.001474,0.001559,0.001615,0.00213,0.001123,0.002402,0.001125,0.002194,0.002184,0.001625,363236,0.3491118722,1.0932974705,1.2269240934,1.3574480503,1.695534033,2.1140333007,1.0489048442,1.877085421,1.1412745433,2.1855598013,2.0044874407
FS192,Dihlabeng,0.000877,0.00111,0.000534,0.000759,0.000046,0.000232,0.02023,0.016698,0.01245,0.004315,0.014131,0.006518,128704,0.9828909746,0.7514451765,0.6384416957,0.3554668076,0.0555538289,0.244646631,19.4222479488,12.1727219045,17.0690343734,4.9842196047,14.9424027225
NC092,Dikgatlong,0.000042,0.001231,0.00003,0.003122,0.000291,0.000007,0.000398,0.00146,0,0.000043,0.000041,0.000453,46841,0.0190217971,0.3484127154,0.0090732478,0.7298307039,0.2059733994,0.0017079055,0.1120385987,0.5277214406,0,0.0149441728,0.0149441728
MP306,Dipaleseng,0.0072,0.000549,0.000229,0.001198,0.001341,0.002258,0.001709,0.002653,0.001635,0.002436,0.001356,0.00147,42390,4.5299598962,0.3578202406,1.0759613116,0.7268223638,0.7114885586,3.2882047653,3.9458834631,1.2222222222,1.8048124558,1.8962727058,1.2808917197
NW384,Ditsobotla,0.000753,0.000383,0.000775,0.000928,0.006418,0.013891,0.021127,0.001797,0.001455,0.001919,0.000513,0.004117,168902,0.412499556,0.1607441001,0.3025008585,0.2912102876,3.444139205,4.9523333057,8.3226367953,0.6098210797,0.4144415105,1.1617624421,0.4031094954
MP316,Dr JS Moroka,0.00327,0.000484,0.001322,0.018268,0.000678,0.000858,0.000776,0.006605,0.000507,0.000699,0.000342,0.000994,249705,0.3256843075,0.1735327687,0.3015958831,0.4353537174,0.2898219899,0.3117278388,0.1930477964,0.2823331531,0.2120702429,0.2229831201,0.1223043191
WC023,Drakenstein,0.002765,0.004398,0.004331,0.002982,0.001796,0.004528,0.002951,0.002765,0.001897,0.004756,0.004932,0.003264,251262,2.9187461693,4.7037395229,5.2856420788,3.2689702382,3.5133844354,4.9556160502,3.0435640885,2.9549752848,4.2415725418,5.6963488311,5.7196631405
KZN262,eDumbe,0.000143,0.000461,0.000213,0.006094,0.003406,0.001396,0.003592,0.004879,0.000565,0.002206,0.003018,0.002029,127238,0.0575614203,0.0925666861,0.0472185982,1.2870368915,0.9694430909,0.3114164008,0.8462880586,0.4624640438,0.184693252,0.7077288232,0.457410522
EKU,Ekurhuleni,0.008114,0.009296,0.012157,0.01353,0.005776,0.006773,0.009332,0.008956,0.006351,0.007262,0.009126,0.00847,3178470,14.5063237973,14.7699827275,17.7389410628,18.2464062898,11.8604413444,13.2481212659,13.1530371531,12.9272813649,14.3922840234,14.207406079,16.9046925093
LIM471,Elias Motsoaledi,0.000704,0.002168,0.002679,0.000228,0.000532,0.000975,0.001365,0.002314,0.000749,0.000493,0.000963,0.001076,123648,0.2450504658,0.6119953416,0.5279503106,0.0339673913,0.2054218427,0.3094591097,0.4061529503,0.3876892469,0.3192934783,0.202186853,0.3491362578
EC141,Elundini,0.000274,0.000866,0.000607,0.002566,0.000331,0.000423,0.004032,0.001744,0.000284,0.000975,0.000349,0.000723,138141,0.1040458662,0.1959374842,0.2020399447,0.2636147125,0.1325022984,0.1058049384,0.2947495675,0.3349114311,0.1287380285,0.264157636,0.083378577
KZN253,eMadlangeni,0.003341,0.003341,0.008735,0,0.001004,0.001728,0.002507,0.002486,0.001069,0.001045,0.000496,0.001948,34442,0.9414087451,0.9414087451,0.8515184949,0,0.3713489344,0.5393124673,0.7269031996,1.1807676674,0.5743859242,0.5952325649,0.157307938
MP314,Emakhazeni,0.002222,0.007117,0.002269,0.002308,0.001874,0.017572,0.004825,0.138252,0.00103,0.001934,0.001114,0.012364,47216,2.1181590986,2.9068536089,1.3520840393,2.2150330396,2.2913207387,13.3918375127,2.9909352762,81.0081751948,1.3539054558,1.1191757032,1.1700059302
EC136,Emalahleni,0.000011,0,0,0,0.000001,0,0,0.000024,0,0.000926,0.000136,0.000124,119460,0.0052904738,0,0,0,0.0004520342,0,0,0.0038674033,0,0.3546710196,0.0484681065
MP312,Emalahleni,0.001906,0.001553,0.001329,0.001346,0.000355,0.000622,0.001367,0.001294,0.00233,0.002198,0.002325,0.001546,395466,1.7700383851,1.1470012593,0.9971780128,0.5989136866,0.3645774858,0.5711692029,1.2050113031,0.9949047453,2.8027213465,2.3182169896,2.1010883363
GT421,Emfuleni,0.004779,0.010955,0.013504,0.011111,0.008576,0.007488,0.006917,0.007513,0.004954,0.004747,0.003254,0.007196,721663,6.9328218296,12.2044139716,13.1438718626,10.2894869212,13.6698694543,10.3365074834,8.4910200468,8.2979825764,8.78466819,7.1115021832,4.466027772
KZN232,Emnambithi/Ladysmith,0.004405,0.009806,0.013571,0.018414,0.004901,0.018714,0.013604,0.035709,0.003347,0.010258,0.011482,0.009575,237437,3.8518343813,3.4171253848,4.6529732097,4.4240872316,4.8627046332,4.4422941665,6.7473982572,9.4090642992,3.4659593913,4.0539258835,4.2802764523
NC073,Emthanjeni,0.020845,0.031511,0.087151,0.056225,0.019736,0.033544,0.063706,0.007409,0.01147,0.007915,0.026863,0.031598,42356,21.5077202758,26.2340400416,55.0382472377,46.1514779488,15.4722117292,32.2775993956,64.9306355652,5.4379072623,14.895906129,6.9956794787,26.0920058551
KZN241,Endumeni,0.001958,0.002516,0.00239,0.002797,0.001634,0.003553,0.002843,0.003047,0.001628,0.001753,0.001904,0.002299,64862,1.7666276094,1.7412506552,1.5465141377,1.5434306682,1.5148314884,2.6978662391,2.0970213684,1.8739631834,1.5437852672,1.3650365391,1.5081095248
EC137,Engcobo,0.007341,-0.362572,0.001525,0.002987,0.000377,0.000335,0.000279,0.000605,0.000061,0.00007,0.000042,0.001522,155513,3.9778603718,-1.3079935439,0.2149337997,0.168352485,0.1283879804,0.0485489959,0.0511211281,0.0306855375,0.0186479587,0.0173618926,0.0077163967
LIM472,Ephraim Mogale,0.002021,0.002434,0.005552,0.007032,0.002186,0.002522,0.002162,0.00747,0.001899,0.001284,0.001194,0.002636,249363,1.1987744774,1.0183948701,1.4369814287,0.5656572948,0.7211775604,0.7231225162,0.5305518461,0.9754654861,0.6724333602,0.4039893649,0.2540473126
ETH,eThekwini,0.003356,0.003028,0.00382,0.003995,0.002814,0.003312,0.003168,0.010503,-0.007082,0.012932,0.002933,0.003726,3442361,5.3213285881,4.7943611957,5.9264347929,6.4510921429,5.034661966,6.114645152,5.3732746217,15.6934818864,-13.7232846875,23.4239767415,5.2091189739
KZN211,Ezingoleni,0,0,0,0,0,0,0,0,0,0,0,0,77403,0,0,0,0,0,0,0,0,0,0,0
LIM473,Fetakgomo,0,0,0,0,0,0,0,0.000553,0.00016,0.000088,0.000051,0.000048,274358,0,0,0,0,0,0,0,0.0285721575,0.0459253967,0.0207028773,0.0109346183
NC452,Ga-Segonyana,0.018141,0.014019,0.020645,0.02169,0.000958,0.001153,0.001684,0.110141,0.010747,0.009269,0.005359,0.016239,93651,11.3937598104,11.299932729,9.9587511078,9.7826077671,0.7021494698,0.6561702491,1.0355255149,47.1787380807,9.610255096,6.037009749,2.9690873562
NC453,Gamagara,0.000551,0.000524,0.000774,0.001363,0.00047,0.000382,0.000269,0.001083,0.000785,0.000178,0.0003,0.000539,41617,0.584304491,0.5502318764,0.8571016652,1.2349280342,0.5005887017,0.5552778912,0.4542614797,1.2258692361,1.0526227263,0.4229761876,0.4181464305
EC144,Gariep,0.000035,0.000406,0.000782,0.000474,0.000805,0.000244,0.000956,0.000852,0.000431,0.000639,0.000189,0.000396,33677,0.0640496481,0.4276806129,0.2255248389,0.085785551,0.3198028328,0.0867060605,0.343320367,0.3257416041,0.3202779345,0.2901386703,0.0811236155
WC044,George,0.009534,0.022504,0.024839,0.032183,0.009276,0.014779,0.031013,0.018038,0.008715,0.012214,0.019453,0.015416,193672,19.6203787847,17.3979615019,18.4370017349,22.3279462183,18.2562321864,15.9588221323,22.6222169441,23.4194204635,18.7686655789,13.2215085299,18.7373445826
MP307,Govan Mbeki,0.004651,0.007672,0.00862,0.009144,0.006108,0.005065,0.006413,0.008617,0.003906,0.00752,0.002086,0.00609,294538,5.0825190638,7.4399805798,9.6638837773,7.7995606679,6.8345001324,5.4252218729,7.3986752134,4.7056271177,5.174822943,9.0899815983,2.5596493492
EC123,Great Kei,0,0,0,0,0,0.001074,0.000014,0.000179,0.000412,0.000118,0,0.000204,38991,0,0,0,0,0,0.4526685645,0.0051293888,0.0256469442,0.2321048447,0.05514093,0
LIM332,Greater Giyani,0.001947,0.002057,0.002255,0.007741,0.001057,0.000983,0.000872,0.004678,0.000526,0.006347,0.002072,0.001713,212701,0.5819671746,0.4515587609,0.4139848896,0.3519024358,0.3158189195,0.2528667002,0.1688755577,0.2470369204,0.1717199261,0.3213195989,0.1413956681
KZN431,Greater Kokstad,0.000397,0.000042,0.001171,0.008613,0.000449,0.000598,0.00163,0.025761,0.000948,0.001264,0.006352,0.0015,100548,0.0646457413,0.0119345984,0.5211441302,0.1552492342,0.1243187333,0.1208378088,0.2511238413,0.551875721,0.2848390818,0.2368023233,0.992660222
LIM333,Greater Letaba,0.005538,0.008641,0.008107,0.004202,0.002544,0.003139,0.003685,0.005196,0.005315,0.002063,0.00564,0.004958,390095,2.9665414835,4.3682077443,3.4486368705,1.2946128507,1.4613209603,1.4430254169,1.1281662159,2.3780796985,3.2256629795,0.9412091926,2.7205526859
NW394,Greater Taung,0,0.000003,0,0,0.000004,0.000014,0.000002,0,0,0.000005,0,0.000002,177642,0,0.0005854471,0,0,0.000771214,0.0008838,0.0003321287,0,0,0.0003264994,0
LIM474,Greater Tubatse,0.00269,0.003707,0.002601,0.007832,0.001092,0.000354,0.00453,0.037475,0.005835,0.004728,0.005277,0.004276,93795,0.5821205821,0.6717095794,0.3922810384,0.3240151394,0.2767098459,0.0740977664,0.7476304707,1.5327895943,1.6965083427,1.281934005,1.083117437
LIM334,Greater Tzaneen,0.001484,0.000862,0,0,0,0.000672,0.006582,0.002437,0.008004,0.005903,0.004862,0.002822,150637,0.5651334002,0.5598890047,0,0,0,0.3409720055,2.861050074,0.719278796,4.779702198,3.0536986265,2.3234663462
NC065,Hantam,0.001014,0.001582,0.00264,0.002738,0.001745,0.001498,0.001901,0.002535,0.000926,0.000375,0.002968,0.001533,21578,0.9172768561,0.5155250718,0.9522661971,0.9594030957,1.1138659746,0.5914357216,0.7988692186,1.0057002503,0.675224766,0.407498378,1.3611085365
WC042,Hessequa,0.008771,0.006653,0.015623,0.018264,0.006503,0.001883,0.008895,0.013724,0.00565,0.014614,0.006682,0.008962,52642,17.2316591315,5.623171612,18.9779263706,13.0563808366,14.5370426656,1.6800083583,10.929903879,10.4569735192,13.1136544964,15.1522548535,6.813096007
KZN212,Hibiscus Coast,0.002967,0.053945,0.058543,0.067734,0.000782,0.099858,-0.02154,0.002657,0.003034,-0.016724,0.015435,0.00745,78875,2.7905166403,2.6710491284,3.0930586371,3.4570142631,0.7738700475,15.3108082409,-2.9921901743,0.0499524564,3.456659271,-2.4569635499,2.4529698891
KZN271,Hlabisa,0.000574,0.001151,0.001883,0.01825,0.000839,0.001846,0.001183,0.007366,0.000645,0.001947,0.001619,0.001462,156736,0.091650929,0.1293257452,0.1990608412,0.2190307268,0.162374949,0.2568012454,0.1352592895,0.1508268681,0.1566328093,0.3228358514,0.2683238056
EC103,Ikwezi,0,0,0,0,0,0,0,0,0,0,0,0,10537,0,0,0,0,0,0,0,0,0,0,0
KZN233,Imbabazane,0,0,0,0,0,0,0,0,0,0,0,0,103116,0,0,0,0,0,0,0,0,0,0,0
KZN221,Impendle,0.000394,0.000324,0.000365,0.001047,0.000007,0.00024,0.000396,0.000367,0.000376,0.000436,0.000269,0.00033,106374,0.1239964653,0.0730065618,0.0908210653,0.1067272078,0.0030364563,0.0770865061,0.1386993062,0.0702521293,0.1293173144,0.1262902589,0.0661063794
KZN234,Indaka,0.001164,0.000797,0.000458,0.001116,0.000112,0.000178,0.000051,0.000385,0.000152,0.000575,0.000451,0.00046,83153,0.8466321119,0.509903431,0.3382199079,0.6626339398,0.1052277128,0.1395620122,0.0318689644,0.2797253256,0.1690859019,0.4552451505,0.4023306435
EC153,Ingquza Hill,0,0,0,0,0,0,0.004691,0.005341,0.001782,0.002225,0.002952,0.00337,278481,0,0,0,0,0,0,5.5409525246,5.0622484119,0.3746036534,0.3948204725,0.4275695649
KZN432,Ingwe,0.004694,0.055368,0.002617,-0.010407,0.00395,0.002338,0.001464,0.001909,0.00368,0.000679,0.015392,0.006107,12898,5.7528298961,1.5738874244,2.4538688169,2.7756241278,2.0080632656,1.6979376648,0.9342533726,1.413397426,3.6858427663,0.4225461312,24.7255388432
EC133,Inkwanca,0.001608,0.001204,0.006356,0.001464,0.000791,0.004508,0.004375,0.001856,0.001178,0.000801,0.000368,0.001511,21971,0.6326521324,0.5228255428,0.2679896227,0.1931637158,0.5881389104,1.2778207637,1.1020436029,0.4615174548,0.5530471986,0.6469892131,0.159164353
EC135,Intsika Yethu,0.006196,0.017454,0.005477,0.067257,0.002643,0.000853,0.00347,0.005663,0.001456,0.001289,0.001322,0.002938,145372,1.5830971576,0.3373758358,1.3729191316,0.7469457667,0.8767369232,0.271372754,0.7029551771,0.764156784,0.8498128938,0.5009217731,0.5506975208
EC131,Inxuba Yethemba,0.000194,0.009107,0.000969,0.00039,0.000292,0.001075,0.000674,0.000497,0.000659,0.000254,0.003056,0.00242,65560,0.2357992678,0.3241610738,0.2313148261,0.1467815741,0.4081604637,0.677104942,0.4829621721,0.1426021965,0.9908938377,0.1638956681,63.6451647346
NC451,Joe Morolong,0,0,0,0,0,0,0,0,0,0,0.000001,0,89530,0,0,0,0,0,0,0,0,0,0,0.000558472
JHB,Johannesburg,0.010657,0.013348,0.014326,0.017498,0.010959,0.013228,0.003919,0.010704,0.006774,0.005465,0.003887,0.010013,4434827,18.8138355792,22.2678187898,22.3696705644,34.6007309868,22.1460724398,22.9817307417,6.7606709349,19.9662591122,13.4181344616,11.1138777229,6.8775020987
KZN272,Jozini,0.000296,0.001009,0.001315,0.03209,0.002138,0.00154,0.002933,0.007851,0.002027,0.002164,0.00307,0.002436,186502,0.0465142465,0.0944493893,0.1566953706,0.5439459094,0.4505099141,0.2214078133,0.368274871,0.4264726384,0.4302527587,0.5426215268,0.4405421926
NW397,Kagisano-Molopo,0,0,0,0,0,0,0,0,0,0,0,0,105789,0,0,0,0,0,0,0,0,0,0,0
NC082,Kai !Garib,0.002075,0.002287,0.001907,0.000723,0.000477,0.001578,0.001328,0.000704,0.000291,0.000153,0.001782,0.001088,65869,1.2974692192,1.1384718153,0.9788975087,0.3723754725,0.3826686302,0.9707297818,0.6539495058,0.2455328,0.2870394267,0.1222274515,0.7553629173
NC064,Kamiesberg,0,-0.000053,0.000035,0,0.000006,0.000007,0.000033,0.0001,0.00001,0.000053,0.000016,0.000015,10187,0,-0.0182585648,0.0253263964,0,0.0081476391,0.0034357514,0.0232649455,0.0194365368,0.0198291941,0.0268970256,0.0053008737
WC041,Kannaland,0.003128,0.012481,0.01492,0.026838,0.008774,0.01741,0.028755,0.007757,0.000553,0.001856,0.004973,0.010121,24767,2.547058586,6.1195138693,9.294948924,15.063350426,8.7078370412,14.651027577,15.9955586062,5.3954859289,0.7660596762,0.9613194977,3.6882141559
NC074,Kareeberg,0.000231,0.000458,0.001,0.000457,0.000054,0.000226,0.000477,0.000388,0.000208,0.000098,0.000125,0.000311,11673,0.2474942174,0.3975841686,0.7779491133,0.2170821554,0.0645078386,0.1775893087,0.3074616637,0.3789085925,0.1841857277,0.1105971044,0.088923156
NC066,Karoo Hoogland,0.000043,0.00016,0.000072,0.000324,0.000111,0.000043,0.000064,0.000423,0.000105,0.000221,0.000169,0.000125,12588,0.0443279314,0.1175722911,0.0586272641,0.0806323483,0.1340959644,0.0302669209,0.0388465205,0.1320305052,0.1418811567,0.1468064824,0.1060533842
NC086,Kgatelopele,0,0,0.000007,0,0,0.001064,0,0.000014,0.000007,0.000623,0.00044,0.000176,18687,0,0,0.003906459,0,0,0.4982073099,0,0.0100069567,0.0083480494,0.4532562744,0.3446246053
NW374,Kgetlengrivier,0.009521,0.016129,0.018687,0.016469,0.002729,0.040094,0.006047,0.053516,0.03253,0.011163,0.003513,0.014372,51049,6.660267586,9.6475543106,8.6474759545,4.253736606,1.8805461419,12.2253521127,5.6006973692,11.938529648,17.1886422849,9.1946561147,2.5851632745
NC067,Kh√¢i-Ma,-0.002766,0.000311,0.000816,0.000576,0.000334,0.000708,0.00028,0.000402,0.000171,0.000124,0,0.000389,12465,0.2827918171,0.3152827918,0.4693140794,0.3088648215,0.2727637385,0.5134376254,0.1845166466,0.2045728039,0.1564380265,0.0882470919,0
EC157,King Sabata Dalindyebo,0.00066,0.008449,0.004535,0.002404,0.000987,0.003847,0.006732,0.004247,0.001642,0.001781,0.004441,0.002839,451710,0.4094441124,1.1724336411,1.2917092825,0.6866130925,0.5159017954,0.8837107879,1.8279759137,1.2899293795,0.9381018795,0.5117221226,1.2612361914
WC048,Knysna,0.00284,0.007766,0.020825,0.030742,0.006693,0.023204,0.042093,0.047295,0.010847,0.036148,0.031747,0.017508,68659,9.579603548,9.3777509139,25.5341324517,27.7203279978,25.0511659069,26.5890851891,52.2499162528,54.1038756754,42.4506182729,42.9216708662,41.3271967258
FS162,Kopanong,0,0,0,0,0,0,0,0,0,0,0,0,49171,0,0,0,0,0,0,0,0,0,0,0
EC109,Kou-Kamma,0.001886,0.005296,0.001615,0.002775,0.001327,0.001523,0.005516,0.010358,0.004423,0.006482,0.005609,0.00398,40663,1.1280033446,1.5146201707,1.1177237292,1.0139438802,1.4370558001,0.6652239136,3.3332759511,4.3998229349,3.3408749969,3.1843444901,5.8454122913
EC108,Kouga,0.010824,0.008274,0.008335,0.00955,0.002363,0.004237,0.002351,0.000467,0.000645,0.000342,0.000542,0.00342,98558,8.3267111751,5.8203494389,7.3699750401,8.0459019055,5.7994987723,2.769161306,2.2855171574,0.4032853751,1.5217232493,0.3763976542,0.5729418211
KZN291,KwaDukuza,0.000051,0.002475,0.000482,0.000814,0.000281,0.003015,0.00054,0.000336,0.000417,0.000409,0.000543,0.000611,138078,0.0116238648,0.2281681369,0.132577239,0.1070916439,0.0855386086,0.3372151972,0.1910514347,0.0496096409,0.1374005997,0.117650893,0.1370602123
KZN433,KwaSani,0.00854,0.013733,0.007114,0.023848,0.00282,0.018367,0.000983,0.002283,0.00052,0.00065,0.000567,0.005101,65981,12.0745972325,7.4308209939,9.6209817978,13.2742910838,6.6694806081,2.6011579091,0.790697322,1.1260817508,0.8982889014,0.4299722647,0.4524029645
WC051,Laingsburg,0.032651,0.046851,0.14636,0.091437,0.026958,0.039575,0.202157,0.412923,0.070226,0.097658,0.103357,0.078665,8289,14.157316926,55.5882494873,66.680781759,36.9163952226,33.8623476897,70.7294004102,86.2739775606,89.2563638557,103.6977922548,102.2467125106,101.0072385089
WC026,Langeberg,0.000781,0.006469,0.006747,0.004041,0.002471,0.003655,0.002662,0.004306,0.002839,0.006085,0.005455,0.004023,97724,0.8565244976,5.3162068683,6.830481765,3.1012647865,3.0054541361,3.10977856,2.8664811101,3.9822868487,3.542927019,6.0204658016,6.1710429373
MP305,Lekwa,0.002431,0.004756,0.007145,0.02104,0.000728,0.000184,0.000382,0.000686,0.000298,0.000984,0.003193,0.002979,115662,1.9979076966,2.8347080286,3.3430426588,11.0142916429,0.6628192492,0.1541301378,0.2747747748,0.5667721464,0.220703429,0.9616814511,1.0264391071
NW396,Lekwa-Teemane,0.001025,0.000537,0.000187,0.002296,0.000328,0.000472,0.000125,0.000669,0.000546,0.000476,0.001454,0.000593,53248,0.4009540264,0.2319148137,0.048828125,0.5042442909,0.2679912861,0.3525015024,0.1098632813,0.4371619591,0.4371619591,0.3318434495,0.6304462139
LIM353,Lepelle-Nkumpi,0.005334,0.002531,0.00407,0.019604,0.000272,0.000432,0.001946,0.004231,-0.00008,0.00025,0.005975,0.001996,108321,0.4865169265,0.6326289454,0.7757036955,1.1959823118,0.0937029754,0.117244117,0.0918566114,0.2174093666,-0.0286186427,0.0724697889,0.3738887196
LIM362,Lephalale,0.000874,0.00015,0.000095,0.000029,0.000132,0.000212,0.000046,0,0.000649,0,0,0.000287,115767,0.5953078166,0.087442881,0.048355749,0.0052346524,0.1094353313,0.1071894409,0.0164727427,0,0.1357122496,0,0
GT423,Lesedi,0.000801,0.005509,0.000851,0.000536,0.00033,0.000355,0.000408,0.000457,0.000494,0.00045,0.000435,0.000921,99520,0.8114851286,5.3606109325,0.7984425241,0.4723372186,0.3727491961,0.3823553055,0.4366659968,0.497437701,0.5945840032,0.4896000804,0.5217644695
FS161,Letsemeng,0.00046,0.000509,0.00064,0.00248,0.000377,0.0005,0.000367,0.000991,0.000312,0.000675,0,0.000553,38628,0.3748576162,0.3140209175,0.3686445066,0.7391011701,0.3544061303,0.3691622657,0.2241897069,0.3093610852,0.2907217562,0.1967484726,0
EC134,Lukhanji,0.000601,0.000821,0.001269,0.001057,0.000745,0.001232,0.000865,0.000535,0.000148,0.000442,0.000328,0.000669,190723,0.3125737326,0.4548795898,0.6906036503,0.534455729,0.7780603283,0.5320805566,0.4233626778,0.2684626395,0.185011771,0.2762645302,0.1293394085
NW372,Madibeng,0.000961,0.002587,0.000336,0.000854,0.000844,0.000983,-0.000203,0.001386,0.000889,0.001211,0.00039,0.00095,477381,0.693025068,1.505596159,0.1505422294,0.2914108437,0.5482874266,0.4360982109,-0.0992582445,0.5447263297,0.564079844,0.6650955945,0.2143193801
FS205,Mafube,0.000471,0.001232,0.000256,0.000625,0,0,0,0,0,0,0,0.000279,57876,0.3749395259,0.8832676757,0.20733983,0.2298016449,0,0,0,0,0,0,0
NC093,Magareng,0.000356,0.000284,0.000075,0.002111,0.010841,0.016532,0.020624,-0.000377,0.00322,-0.00118,0.005799,0.004537,24204,0.2867294662,0.1640224756,0.0525119815,0.9968187077,9.8166831929,14.4110064452,7.8759709139,-0.5763097009,2.5836638572,-0.8654767807,2.379730623
NW383,Mahikeng,0.006809,0.005801,0.005731,0.005345,0.004615,0.011197,0.004342,0.009198,0.004144,0.003278,0.004594,0.005535,291527,2.6381021312,2.3247555115,2.0344633602,1.3071070604,2.6042905117,2.6118507034,1.7720657092,2.2079121316,1.8272372713,1.2448864085,1.7000792379
EC104,Makana,0.000034,0.001017,0.001794,0.006014,0.00194,0.003679,0.002973,0.000966,0.000837,0.000118,0.001156,0.001649,80390,0.0370692872,0.9721980346,1.7746361488,2.3637392711,2.4071277522,3.7575569101,2.2887050628,0.7338972509,1.026570469,0.0714019157,1.2026371439
LIM341,Makhado,0.002109,0.022337,0.011691,0.027257,0.006642,0.003328,0.004425,0.013009,0.006574,0.002312,0.004664,0.009042,68359,1.2317324712,8.5936453137,6.1829459179,21.111294782,5.5097792536,1.7213534429,2.1562339999,6.1559414269,4.3073040858,2.4568820492,2.6521745491
LIM475,Makhuduthamaga,0.001248,0.003746,0.014287,0,0.001277,0.004916,0.001318,0.005417,0.000411,0.00065,0.000728,0.001472,335676,0.3552532799,0.7730668859,0.2460706157,0,0.442113824,0.2657145581,0.2402227148,0.2032853108,0.2151568775,0.1321214504,0.1390298979
EC143,Maletswai,0.000136,0.003511,0.00178,0.003012,0.00035,0.003236,0.002135,0.004316,0.000017,0.00036,0.010959,0.002186,43800,0.1196803653,2.8284246575,1.1233333333,1.6352739726,0.3342922374,2.2056164384,1.2807534247,1.9786757991,0.0156621005,0.2210502283,4.6906164384
FS194,Maluti-a-Phofung,0.000624,0.005737,0.011213,0.005728,0.001306,0.00082,0.000809,0.000943,0.000543,0.001703,0.000721,0.002515,335784,0.5224757582,5.5976550401,6.1195738927,2.7911603888,1.1626998308,0.6094751388,0.5396832488,0.482354728,0.5021233888,1.1161044004,0.4961254854
NW393,Mamusa,0.01214,0,0.047136,0,0.000223,0.000901,0.000332,0.000445,0,0,0.000126,0.002082,60355,5.7865628366,0,2.0918233783,0,0.1361113412,0.4403611963,0.2201805981,0.0894706321,0,0,0.0683124845
KZN292,Mandeni,0.00297,0.004593,0.00412,0.003512,0.001391,0.006547,0.005154,0.00448,-0.003092,0.003363,0.00279,0.003178,231187,2.6007604234,4.2997789668,3.557436188,3.3978856943,1.3597607132,6.8129133559,5.0188332389,4.4888639932,-3.4727947506,3.6513990839,3.0468278926
MAN,Mangaung,0.000367,0.0004,0.001105,0.00147,0.000842,0.000735,0.00047,0.001259,0.000708,0.002089,0.001737,0.001048,747431,0.4720462491,0.5018162212,1.1094883675,1.7765358943,1.5291030209,0.9730463414,0.6957190697,1.6827787448,1.4633257117,4.0015064936,3.0019841296
FS196,Mantsopa,0.000442,0.000181,0.000353,0.001954,0.001343,0.000623,0.016955,0.00119,0.001585,0.001276,0.000726,0.000965,51056,0.4346403949,0.1239619242,0.3030397994,0.8719837042,0.679645879,0.4657630837,0.7082419304,0.7031494829,1.2897602632,0.9430821059,1.0210357255
KZN293,Maphumulo,0,0,0,0,0,0,0,0,0,0,0,0,140820,0,0,0,0,0,0,0,0,0,0,0
NW404,Maquassi Hills,0.00007,0.000309,0.005877,0.000139,0.000154,0.000103,0.000068,0.076381,0.000063,0.000041,0.053043,0.012067,77794,0.0551584955,0.2327943029,3.9037329357,0.0641823277,0.1456539065,0.0831555133,0.052639021,52.8667120858,0.0643365812,0.0365195259,47.4866699231
LIM335,Maruleng,0.000699,0.002348,0.002837,0.002907,0.00102,0.001264,0.00353,0.010254,0.001595,0.001418,0.008145,0.002326,94857,0.2098316413,0.4203168981,0.6011153631,0.2730425799,0.3050275678,0.317319755,0.7222977745,1.0799308433,0.5656092856,0.4037656683,0.5821394309
FS181,Masilonyana,0.000079,0,0,0,0,0.000318,0.000133,0.000051,0,0.00008,0.000048,0.000064,63334,0.0249313165,0,0,0,0,0.1232671235,0.0929042852,0.0161998295,0,0.0568415069,0.0443205861
EC441,Matatiele,0.000063,0.000027,0.008176,0.004582,0.001728,0.001626,0.001812,0.005116,0.001141,0.000767,0.002052,0.001939,203843,0.0165127083,0.0062106621,1.6940979087,0.4490073243,0.7391031333,0.3849433142,0.4354086233,0.4038107759,0.4431253465,0.2633742635,0.5657687534
FS184,Matjhabeng,0.001956,0.001477,0.001777,0.002912,0.001321,0.001213,0.001559,0.00189,0.001875,0.001263,0.001605,0.001633,406461,1.701538401,1.0135954003,1.3290549401,1.4595939094,1.7208268444,1.4560560546,1.7450850143,1.5818122772,2.4707880953,1.4846344422,1.7830345347
NW403,Matlosana,0.004829,0.003953,0.005133,0.00385,0.004252,0.002797,0.005162,0.007697,0.003009,0.004387,0.011315,0.005037,398676,5.3515436093,3.8213862886,3.8174281873,3.5209342925,5.2459164836,2.9465530907,5.4167243576,6.213795162,3.9414236122,5.0087414341,12.1443578244
WC011,Matzikama,0.005908,0.008494,0.007517,0.009377,0.008867,0.009337,0.007424,0.009592,0.006736,0.00733,0.006994,0.00784,67147,3.9000402103,5.1646834557,4.8179069802,4.3392705556,6.9088269022,5.8932342472,4.7915022265,4.3132232267,5.543881335,5.3063130147,5.0803312136
EC121,Mbhashe,0.001401,0,0.007205,0.030261,0.001609,0.002499,0.035559,0.041161,0,0.054032,0.002462,0.004338,254909,0.2642119345,0,0.7914589128,0.3116798544,0.341576798,0.4887744254,0.886355523,0.3352137429,0,0.5785515615,0.8860024558
EC443,Mbizana,0.001862,0.002499,0.002497,0.002606,0.000666,0.001924,0.001559,0.000911,0.000351,0.000892,0.00157,0.001296,281905,0.217271776,0.2110640109,0.3401961654,0.2723257835,0.167432291,0.1901349745,0.2940706976,0.1161738884,0.1209627357,0.19297281,0.2289742999
MP322,Mbombela,0.001517,0.001554,0.001579,0.005042,0.00143,0.002697,0.002069,0.004651,0.001599,0.002338,0.001137,0.002217,588794,0.9251062341,0.9056291334,0.8174471887,2.4722483585,0.9513938661,1.7643182505,1.411048686,2.2387982894,1.1996317897,1.6649048734,0.7623549153
KZN281,Mbonambi,0,0.00014,0.001202,0.011612,0.000979,0.000512,0.000969,0.008775,0.000504,0.001545,0.000526,0.000828,122889,0,0.0170885921,0.1249094711,0.1627484966,0.1814645737,0.0728299522,0.1009040679,0.133046896,0.1269438274,0.1729202776,0.1110758489
GT484,Merafong City,0.006387,0.004434,0.006016,0.005498,0.003549,0.003383,0.005308,0.005707,0.002976,0.004156,0.003091,0.004335,197520,7.1379910895,6.1637454435,4.3285034427,4.313299919,4.6903300932,6.1573612799,5.1601711219,5.3910692588,4.1098116646,4.0950030377,4.8991950182
FS204,Metsimaholo,0.00541,0.009129,0.008873,0.0111,0.004855,0.004402,0.006279,0.011123,0.004809,0.003968,0.022052,0.008223,149108,5.3473589613,8.6627612201,7.2304302921,9.301338627,5.7139590096,4.4578694637,5.8687662634,9.4070338278,5.9602100491,4.7225903372,24.6749336052
EC156,Mhlontlo,0.006057,0.000832,0.000712,0.020232,0.007432,0.011964,0.001051,0.083115,0.003276,0.002777,0.001268,0.002732,188226,0.0807539872,0.1349441629,0.0892544069,0.0804883491,0.1126305611,0.135634822,0.1481251262,0.5827622114,1.0128090699,0.5444943844,0.2010880537
GT422,Midvaal,0.011762,0.028296,0.021391,0.025419,0.003387,0.01167,0.012563,0.02238,0.020414,0.022116,0.019561,0.017655,95301,18.3589364225,37.3649594443,34.3047711986,33.32299766,6.1601242379,19.1816665093,20.4081908899,34.5390394644,38.7499921302,36.6970336093,31.8954575503
NC081,Mier,0,0,0,0,0,0,0,0,0,0,0,0,7003,0,0,0,0,0,0,0,0,0,0,0
KZN222,Mkhambathini,0.000195,0.026554,0.0258,0.032293,0.02259,0.023443,0.027951,0.022111,0.042349,0.042555,0.026969,0.026638,92710,0.120806817,13.9760435767,13.6109912631,13.5451731205,14.8177974329,9.5373961816,17.2340524215,18.5892676087,32.2107108187,24.8962571459,18.2919210441
MP303,Mkhondo,0.003377,0.004061,0.002875,0.00723,0.004896,0.004959,0.002962,0.007089,0.001984,0.001122,0.001764,0.003282,171982,1.3662069286,1.3734867602,0.9170436441,0.863520601,2.218691491,1.4237013176,1.2862915887,0.9193520252,1.0644718633,0.4879115256,0.6681571327
EC122,Mnquma,0.013205,0.008304,0.008326,0.017544,0.054216,0.005985,0.007752,0.047699,0.00163,0.077603,0.002628,0.009129,252390,3.1840762312,1.5732120924,1.2344981972,2.9133840485,1.1074527517,1.2837275645,1.3124529498,1.8001505606,0.5441974722,1.7053171679,1.0410475851
LIM364,Modimolle,0.002633,0,0.000606,0.002466,0.000249,0.00051,0.000248,0.000552,0.000445,0.000992,0.000279,0.000786,35640,1.7537037037,0,0.4302749719,1.0304433221,0.172362514,0.4042648709,0.1797699214,0.3628507295,0.3980639731,0.4382154882,0.0882996633
LIM365,Mogalakwena,0.00001,0.001414,0.000002,0.000007,0.000005,0.000006,0.000004,0.000037,0,0,0,0.000129,68513,0.0073854597,1.0418022857,0.0014011939,0.0038532833,0.0047144338,0.0051523069,0.0028315794,0.0208719513,0,0,0
GT481,Mogale City,0.005824,0.01091,0.007579,0.005032,0.001976,0.002226,0.007529,0.011922,0.008529,0.014735,0.011297,0.007988,362422,6.7262169515,11.5399754982,7.4353488475,4.7805238093,2.6180585064,2.5614283901,8.9485020225,12.0166518589,11.606599489,19.0330581477,14.8114573619
FS163,Mohokare,0.001916,0.002198,0.001923,0.002665,0.00106,0.000478,0.000235,0.00091,0.000251,0.000788,0.000235,0.000938,34146,1.6703859896,1.1291512915,1.3120131201,0.4905406197,1.102618169,0.3466291806,0.2615240438,0.2401452586,0.2749956071,0.5930416447,0.2123235518
LIM354,Molemole,0.003069,0.002665,0.002721,0.001684,0.000956,0.001504,0.002056,0.002059,0.001227,0.002034,0.00118,0.00192,628999,2.2001561211,1.4741947126,1.6013570769,0.9381095995,0.698109218,0.9788791397,1.5022154248,0.9958251126,1.0159094053,1.5154125841,0.4451263039
LIM366,Mookgophong,0.005294,0.00387,0.002646,0.013044,0.008717,0.000747,0.000774,0.069306,0.022354,0.020971,0.019861,0.014561,66500,4.5993082707,2.7475037594,1.8937593985,8.548962406,8.4530827068,0.6111278195,0.5276390977,50.3704962406,22.854406015,7.3666616541,5.7445714286
FS201,Moqhaka,0.000953,0.001386,0.002241,0.004295,0.001389,0.001673,0.001519,0.003126,0.001521,0.002177,0.001277,0.001796,160532,0.8603580595,1.0821892208,1.4417561608,2.181776842,1.4552425685,1.5054319388,1.2655233847,1.844928114,1.534155184,1.2598796502,1.0691637804
NW371,Moretele,0,0,0,0,0,0,0,0,0,0,0,0,186947,0,0,0,0,0,0,0,0,0,0,0
NW375,Moses Kotane,0,0,0,0.016439,0,0.006006,0.009734,0.011832,0.003171,0.014323,0,0.004501,242554,0,0,0,2.4369088945,0,2.7259909134,3.7773031985,1.7930027953,1.7859940467,7.2161250691,0
WC043,Mossel Bay,0.005414,0.01042,0.005264,0.009769,0.002985,0.006793,0.010984,0.0117,-0.003563,0.011372,0.009675,0.005962,89430,15.5325170524,13.9478362965,7.560225875,13.4942860338,8.9035782176,9.8928659287,15.633389243,16.6636587275,-11.3575981214,16.7872078721,15.8386782959
KZN223,Mpofana,0.002513,0.002202,0.007941,0.00179,0.000227,0.006339,0.006656,0,0.003743,0.00306,0.001954,0.003525,38103,1.4086817311,1.3699708684,5.3525969084,0.4829016088,0.1495945201,2.2544156628,4.1243471643,0,2.7353489227,1.746581634,0.8017741385
KZN242,Msinga,0.000634,0.001786,0.001864,0.002658,0.000478,0.000206,0.00066,0.002859,0.000521,0.00043,0.00039,0.000688,165307,0.1518387001,0.0453701295,0.2335049332,0.0759193501,0.1022340252,0.0372035062,0.1887397388,0.0898328564,0.1696842844,0.0750119475,0.0626107787
MP302,Msukaligwa,0.000965,0.001607,0.000697,0.002258,0.000976,0.000509,0.000433,0.00717,0.00037,0.000653,0.0005,0.000984,149377,0.6935471994,0.8415351761,0.3842961098,0.9841207147,0.7795175964,0.3209931917,0.3044712372,1.2481707358,0.3205647456,0.4964084163,0.3160928389
KZN224,Msunduzi,0.000027,0.000842,0.000256,0.012012,0.003375,0.001438,0.00049,0.002806,0.000695,0.000608,0.000731,0.00072,33105,0.012082767,0.1057242108,0.0785379852,0.0604138348,0.0558827972,0.0332276091,0.0966621356,0.542214167,0.1540552787,0.2205104969,0.231082918
KZN282,Mthonjaneni,0.001212,0.001401,0.002267,0.001827,0.004773,0.00597,0.005364,0.005923,0.0041,0.003795,0.003964,0.003738,334459,1.5674238098,1.8647517334,3.0601149917,2.4665265399,8.1612365043,8.461031098,6.6041816785,7.9042662927,7.2995793206,6.2923587047,6.1262546381
KZN273,Mtubatuba,0.002445,0,0,0,0.000895,0.00094,0.000614,0.007169,0.002567,0.00137,0.063043,0.009198,35258,0.0760394804,0,0,0,0.2327698678,0.1361393159,0.0934256055,0.394236769,0.9632707471,0.3400646662,14.199302286
LIM342,Musina,0.001496,0.004498,0.003719,0.013122,0.003129,0.015335,0.003718,0.023015,0.002339,0.001738,0.005065,0.003703,91870,0.4423642103,0.5077827365,0.5279198868,0.5725481659,0.650702079,0.4949385001,0.485250898,0.4230978557,0.4502013715,0.370305867,0.8122346794
LIM343,Mutale,0.007532,0.008181,0.012063,0.027466,0.004203,0.005028,0.002672,0.00512,0.00038,0.002465,0.001268,0.005174,618462,1.8706840517,1.6502517535,1.7133146418,1.2463789206,1.2841694397,1.0442840466,0.4353218144,0.3582273446,0.1125857369,0.3125171797,0.2201105323
FS185,Nala,0,0,0,0,0,0,0,0,0,0,0,0,81220,0,0,0,0,0,0,0,0,0,0,0.000049249
FS164,Naledi,0,0,0.000287,0.000549,0.000084,0,0.000705,0.000395,0.001057,0.000307,0.002796,0.000325,24314,0,0,0.1280743605,0.1335033314,0.3694167969,0,0.3694167969,0.373406268,0.6289380604,0.4654108744,1.3231060294
NW392,Naledi,0.000369,0.000225,0.002173,0.002792,0.001333,0.001155,0.000986,0.003776,0.000748,0.001769,0.001828,0.001344,66781,0.4150432009,0.2578727482,1.5661191057,1.6251179228,1.6787259849,1.020230305,0.7181383927,2.6123598029,1.265135293,1.411060032,1.4005031371
NC062,Nama Khoi,0.001528,0.001362,0.001072,0.000428,0.000067,0.00101,0.00122,0.002212,0.000685,0.001284,0.00237,0.001097,47041,1.7542356668,0.7505155077,0.6711804596,0.2237409919,0.0917710083,0.6258582938,0.9556557046,1.135031143,1.0415594907,1.0390722986,1.8643948896
Summary,National Average,0.004729,0.005955,0.006317,0.00845,0.00405,0.005002,0.004039,0.007252,0.002753,0.005307,0.004137,0.005084,51770563,5.2725229393,5.7560064394,6.0368888397,7.2503635126,5.1650139289,5.466878813,4.1750993127,6.6558820502,3.7329023832,6.2575009277,4.8744504865
EC105,Ndlambe,0.001314,0.002215,0.00228,0.005406,0.000947,0.002676,0.001684,0.002356,0.001707,0.001137,0.001253,0.001818,61176,1.4952759252,2.1716032431,1.662416634,2.5163462796,1.2014515496,2.5900680005,1.7005688505,1.4964038185,2.0391983784,1.4977115209,1.6044854191
KZN294,Ndwedwe,0,0,0,0,0,0,0,0,0,0,0,0,96724,0,0,0,0,0,0,0,0,0,0,0
NMA,Nelson Mandela Bay,0.003949,0.004044,0.004047,0.004577,0.00338,0.003492,0.002487,0.004069,0.0025,-0.00078,0.00128,0.002912,1152115,5.1496005173,5.8839091584,5.5292995925,5.631407455,5.6436866111,5.4779696471,4.0376307921,4.847264379,4.062730717,-1.2541256732,1.8576626465
KZN254,Newcastle,0.000418,0.001302,0.003915,0.011984,0.002601,0.002046,0.003641,0.030219,0.000719,0.001514,0.000917,0.002416,102161,0.102426562,0.2094732824,0.5554957371,0.3592368908,0.6982116463,0.3195935827,1.195172326,0.8150468378,0.2270925304,0.1747242098,0.2055578939
EC126,Ngqushwa,0.002716,0.001289,0.004595,0.039418,0.000174,0.000273,0.000523,0.004025,-0.000115,0.00058,0.001164,0.001268,72190,0.9945975897,0.3557972018,1.0700928106,0.9883640393,0.0750796509,0.1018008034,0.1274414739,0.1863138939,-0.0909544258,0.2080066491,0.3636237706
FS203,Ngwathe,0.00129,0.000856,0.004023,0.004689,0.00168,0.002901,0.00238,0.002431,0.001589,0.001197,0.00157,0.001932,120520,1.5242366412,0.948398606,1.7960089612,2.1560653833,2.0568951211,2.1046133422,2.8825672088,2.0562396283,1.8936691006,1.282484235,1.773398606
KZN283,Nkandla,0,0,0,0,0,0,0,0,0,0,0,0,74336,0,0,0,0,0,0,0,0,0,0,0
FS193,Nketoana,0.000449,0.002589,0.001264,0.000332,0.000464,0.000959,0.000484,0.002015,0.00022,0.000343,0.000927,0.00059,60324,0.7415124992,0.383893641,0.4042503813,0.1832272396,0.5529474173,0.8521152443,0.2329255354,0.3220940256,0.274749685,0.3348584311,0.5976062595
MP324,Nkomazi,0.001089,0.0005,0.001629,0.004071,0.000686,0.000697,0.000591,0.002704,0.000554,0.000618,0.000774,0.000923,393030,0.3593975015,0.1886649874,0.4107320052,0.3988245172,0.2534895555,0.2239930794,0.1587436074,0.272167519,0.2281759662,0.2269012544,0.2451466809
EC127,Nkonkobe,0,0,0,0,0.000096,0,0.000217,0.000836,0.000303,0.001287,0.000809,0.000418,127115,0,0,0,0,0.0609684144,0,0.0505841167,0.0641151713,0.1544270936,0.5900090469,0.2843881525
KZN263,Nongoma,0.00286,0.006405,0.004413,0.025509,0.005242,0.007033,0.006227,0.005583,0.003994,0.004764,0.004538,0.006269,211060,1.1586468303,2.0868047001,1.6065526391,9.2738652516,2.3550033166,2.6564484033,2.5389604852,16.8851558798,1.9809959253,2.162721501,2.3823699422
KZN244,Nquthu,0,0,0,0,0,0,0,0,0,0,0,0,177577,0,0,0,0,0,0,0,0,0,0,0
EC444,Ntabankulu,0.000273,0.006442,0.007041,0.053211,0.003479,0.006339,0.010825,0.118202,0.005918,0.06457,0.0088,0.008239,123976,0.0613021875,1.2822481771,1.1391398335,1.059374395,0.8312012002,1.2480802736,1.7240110989,1.8273859457,1.6687020068,1.5970833064,1.5970833064
KZN284,Ntambanana,0.009367,0.019895,0.017533,0.011261,0.012633,0.01636,0.02561,0.010552,0.00748,0.013088,0.022622,0.013612,213601,2.6881475274,3.9203046802,2.784645203,2.1611462493,3.9774251993,3.7730722234,2.8259652342,2.6258538115,2.5448850895,3.9647286295,2.9247100903
EC128,Nxuba,0.000558,0.000664,0.001388,0.001555,0.0002,0.000635,0.000643,0.001199,0.000379,0.000561,0.000682,0.000652,24264,0.4436613914,0.3412462908,0.2560995714,0.5430267062,0.1442466205,0.1978239367,0.3441312232,0.4512858556,0.3049785691,0.2617045829,0.2493405869
EC155,Nyandeni,0.005057,0.004699,0.004172,0.120706,0.000898,0.001605,0.00193,0.003148,0.000308,0.000363,0.000225,0.002408,290390,0.9214332449,0.7085987809,0.4690244154,0.6327697235,0.1730190434,0.3488412135,0.2894176797,0.1406728882,0.0678398016,0.0654292503,0.0320258962
KZN235,Okhahlamba,0.001934,0.003522,0.002029,0.009733,0.000873,0.002624,0.000813,0.006037,0.001555,0.000909,0.00125,0.001859,132068,0.4062301239,0.4995835479,0.3388405973,0.3835145531,0.2381349002,0.3665763092,0.1837386801,0.3551200897,0.3939410001,0.2257473423,0.2551715783
WC045,Oudtshoorn,0.0001,0.000154,0.002228,0.021278,0.000361,0.001703,0.007468,0.003168,0.00065,0.001947,0.00384,0.002741,95933,0.1497190748,0.0936799641,1.5703668185,11.9171817831,0.6306276255,1.1847956386,5.7067745197,2.0557055445,1.1961577351,1.508761323,3.316877404
WC032,Overstrand,0.010062,0.010235,0.006552,0.006246,0.004801,0.006464,0.014323,0.013489,0.008804,0.009718,0.009295,0.008984,80432,20.9637955043,20.0866819176,13.2542644719,11.6123806445,10.7831708773,13.4272180227,25.2613760692,25.6456385518,20.5917545256,21.8865252636,21.3472249851
NC094,Phokwane,0.002692,0.00123,0.002362,0.001891,0.000415,0.000335,0.000407,0.000594,0.000657,0.000451,0.000979,0.001022,63000,2.0564444444,1.035984127,1.2065396825,0.7469047619,0.353968254,0.280952381,0.2870793651,0.2531746032,0.5431746032,0.3436507937,0.6412698413
FS195,Phumelela,0.000908,0.000691,0.00064,0.003364,0.002471,0.00076,0.00089,0.000435,0.0005,0.000489,0.000544,0.000838,47772,0.6608054928,0.4400066985,0.34853052,0.5612074018,0.6746629825,0.4187808758,0.5992422339,0.1011680482,0.4207485556,0.2614920874,0.2677509838
MP304,Pixley Ka Seme,0,0.006493,0.001023,0,0.000919,0.002451,0.001891,0.003364,0.000886,0.000733,0.001151,0.00145,83235,0.0002402835,1.7191926473,0.351054244,0,0.6892653331,0.8851444705,1.1786988647,1.1647143629,0.7429807172,0.5465248994,0.7770168799
LIM355,Polokwane,0.002485,0.004897,0.001339,0.003956,0.001847,0.069607,0,-0.004794,0.002817,0.003598,0.004165,0.002675,230350,0.6533535924,1.2004297808,0.418519644,0.5085131322,0.5852138051,0.2225135663,0,-0.5501410896,0.953939657,1.0405686998,0.9782504884
EC154,Port St Johns,0.000042,0,0.000145,0.002153,0.000154,0.000574,0.006836,0.000528,0.000084,0.00009,0.000857,0.000278,156136,0.0083260747,0,0.0227365886,0.0576420556,0.0329840652,0.1015140647,0.0558999846,0.0012809346,0.0220961213,0.0166521494,0.1131065225
WC052,Prince Albert,0.018666,0.037597,0.020235,0.023223,0.015,0.010116,0.006182,0.036338,0.004802,0.014688,0.029878,0.018695,13136,21.9947472594,23.1865103532,22.4615560292,12.084728989,14.5676766139,7.3743909866,3.8633526188,14.678136419,3.4725182704,11.4019488429,21.3818514007
NW385,Ramotshere Moiloa,0.002175,0.054023,0.011558,0.008767,0.002236,0.003764,0.004176,0.00946,0.003515,0.009512,0.004241,0.008667,150713,0.7273028869,10.7824142576,1.6306688872,0.5736067891,0.8775089077,0.7494376729,1.4539688016,1.2201535369,1.2947124667,2.1316674739,0.5985150584
GT482,Randfontein,0.007939,0.008539,0.014867,0.013275,0.006783,0.005922,0.011112,0.013316,0.005572,0.003892,0.004685,0.008419,149286,8.7241268438,9.304181236,15.1349959139,14.442492933,8.9743244511,7.4386613614,12.544893694,14.6973326367,7.5853730423,4.8234529695,6.405027933
NW381,Ratlou,0,0,0,0,0,0.000056,0,0,0,0.000046,0,0.000009,107339,0,0,0,0,0,0.0101547434,0,0,0,0.0138812547,0
NC075,Renosterberg,0,0,0.000947,0,0.000103,0.000776,0.001163,0.001593,0.000722,0.001467,0,0.000591,10978,0,0,0.2347422117,0,0.1286208781,0.3800327929,0.236837311,0.3790307889,0.6639642922,1.3052468574,0
KZN225,Richmond,0.0013,0.001184,0.001246,0.001909,0.000869,0.002298,0.003063,0.003263,0.002628,0.005348,0.003861,0.002514,618536,1.4992563084,1.3431214998,1.1322041078,2.1906000621,1.174064242,3.0927157029,3.4293266681,4.6211408875,3.913925786,7.2143707076,4.5806937672
NC061,Richtersveld,0.000091,0.000331,0.00065,0.000864,0.000056,0.001355,0.000401,0.00207,0.00074,0.000041,0.000313,0.00043,11982,0.1443832415,0.2324319813,0.4389918211,0.2491236855,0.086796862,0.8070438992,0.3826573193,0.9046903689,0.1836087465,0.0342179937,0.1992154899
NW373,Rustenburg,0.002291,0.003089,0.00384,0.003765,0.002309,0.003501,0.003052,0.006533,0.003054,0.003436,0.003987,0.00353,549575,1.9771896465,3.061505709,2.9223636446,2.9456634672,2.5384324251,3.7149506437,3.0383314379,6.8207141882,4.1978419688,3.8478078515,4.8397998453
EC138,Sakhisizwe,0.000109,0.000136,0.002182,0.003985,0.000171,0.000572,0.000703,0.000745,0.00012,0.000009,0.000265,0.000509,63582,0.0707747476,0.0460350414,0.5718756881,0.6141203485,0.1009877009,0.129800887,0.2421282753,0.0762637224,0.0856531723,0.0033657324,0.0359850272
WC014,Saldanha Bay,0.00176,0.006811,0.005807,0.005975,0.001695,0.003948,0.004968,0.004024,0.000859,-0.001793,0.003552,0.002797,99193,4.3118062767,6.9987398304,7.7998749912,6.4863347212,4.7496496729,4.3965098344,5.4521790852,4.2625286058,2.7661830976,-2.2150857419,4.5035940036
EC142,Senqu,0.000113,0.000166,0.000728,0.001186,0.000399,0.000363,0.000215,0.001731,0.0001,0.000043,0.000142,0.000299,134150,0.0276183377,0.089824823,0.1736861722,0.0924338427,0.1816026836,0.1095788297,0.0678345136,0.1498322773,0.04509877,0.0141632501,0.038017145
FS191,Setsoto,0.001285,0.000532,0.000962,0.003207,0.000664,0.000411,0.001891,0.004245,0.000928,0.000813,0.0089,0.001735,112597,0.5527234296,0.8107054362,1.0529054948,1.0141833264,0.8686377079,0.3100704282,1.237608462,1.3185342416,1.0868673233,0.6567137668,6.9745996785
NC078,Siyancuma,0.005811,0.014613,0.003737,0.000373,0.000264,0.0006,0.001295,0.009159,0.001296,0.001558,0.001142,0.002349,37076,3.2648343942,3.1245010249,1.5535656489,0.3156489373,0.2899449779,0.2697162585,0.5014025245,3.1631783364,1.1673589384,1.1084798792,0.7855486029
NC077,Siyathemba,0.001111,0.000502,0.000201,0.000191,0.000092,0.001107,0.000067,0.000093,0.000361,0.000141,0.000128,0.000303,21591,0.9749432634,0.2709462276,0.1296836645,0.1829465981,0.0731323237,0.8336807003,0.233893752,0.0439998147,0.5618544764,0.0856838498,0.1111574267
NC091,Sol Plaatje,0.003044,0.004591,0.004576,0.004538,0.002545,0.003879,0.002874,0.00401,0.001572,0.005501,0.006826,0.003413,248041,4.6888982063,5.5686600199,5.6129067372,4.9976576453,4.9403364766,4.7251502776,4.2334251192,4.8562939192,5.4062715438,3.7875431884,5.1150172754
WC024,Stellenbosch,0.00773,0.023342,0.020455,0.023287,0.004311,0.008954,0.017446,0.031363,0.009521,0.042421,0.025328,0.015646,155733,19.6682719783,20.6150655288,19.9857191475,20.2583074878,12.2141036261,8.7749545697,22.4740613743,30.4870258712,29.5436676876,46.407139142,33.4426101083
MP313,Steve Tshwete,0.00671,0.007991,0.003673,0.008348,0.004763,0.005036,0.005941,0.007118,0.006982,0.006205,0.005517,0.006162,229831,6.5695402274,7.0580295957,3.3588288786,7.5079036335,5.4977657496,5.4279579343,6.1430833961,6.9632425565,8.8885441912,7.5432469945,6.9426230578
EC106,Sundays River Valley,0.010087,0.02112,0.008466,0.006049,0.002594,0.005061,0.005368,0.017036,0.003676,0.003704,0.004117,0.006024,54504,4.965323646,4.7711177161,3.4515081462,1.8912556877,1.7131586673,2.3235358873,2.1729964773,1.0301629238,2.8150777925,2.0502715397,2.2112138559
WC015,Swartland,0.013859,0.014724,0.011813,0.009094,0.008977,0.016372,0.006046,0.00648,0.006126,0.020504,0.020397,0.012196,113762,10.5288672843,10.6514829205,9.5796575306,6.9335630527,7.8841265097,13.7297691672,4.8715915684,4.9771452682,5.9692867566,17.4644960532,17.6431936851
WC034,Swellendam,0.00659,0.017769,0.013743,0.017102,0.009338,0.010001,0.008133,0.02147,0.014531,0.026007,0.02509,0.0148,35916,7.3468092215,9.8538255931,8.8353658537,9.3679697071,10.9949326206,8.3842855552,5.9840461076,12.052789843,24.2093495935,24.0102461299,21.0780432119
MP321,Thaba Chweu,0.000906,0.005018,0.004773,0.079688,0.002399,0.003726,0.005413,0.00372,0.004676,0.003622,0.004523,0.011947,98387,0.5234634657,1.3188327726,1.6961285536,62.06253875,2.7950237328,2.1639850793,3.6828950979,1.4952686839,5.013904276,2.4345187881,3.0249626475
LIM367,Thabazimbi,0.001503,0.001478,0.003138,0.002639,0.000324,0.001382,0.004351,0.001827,0.00053,0.002045,0.001724,0.00173,307682,0.8317873649,0.7469952743,1.3415604423,1.2481068116,0.2040385853,0.7132818949,1.3484896744,0.8954179965,0.6084951346,5.4123023121,7.7500016251
KZN274,The Big Five False Bay,0.05048,0.040027,0.015396,0.125416,0.008574,0.038678,0.006874,0.101443,0.002805,0.000998,0.001337,0.019373,71925,12.184469934,6.8343830379,2.4291275634,1.5954118874,1.3653806048,3.0847410497,0.6654153632,0.8622871046,0.4058394161,0.3027459159,0.2294056309
WC031,Theewaterskloof,0.008614,0.019959,0.012075,0.021068,0.009448,0.020513,-0.018055,0.050479,0.033459,0.050019,0.02327,0.020805,108790,6.7462634433,7.6154609799,8.1260777645,8.7030793271,9.022428532,10.8238257193,-10.1181910102,23.4309219597,32.523274198,34.8678371174,18.6236510709
NC076,Thembelihle,0.036136,0.012721,0.009387,0.011883,0.002862,0.075275,0.059609,0.025131,0.000221,0.000671,0.000685,0.017562,15701,34.419336348,6.7575313674,4.3834787593,7.3638621744,3.2587733265,25.6377937711,27.4918794981,8.1739379657,0.2101776957,0.3502961595,0.2929749697
MP315,Thembisile Hani,0.000064,0.025159,0.000103,0.000209,0.000139,0.006264,0.006677,0.000466,0.000713,0.000718,0.002078,0.001295,310458,0.0170361208,0.0388361711,0.0268957476,0.0334795689,0.0441186892,1.4887295544,0.523742342,0.1200613287,0.2954409292,0.26485064,0.5589483924
LIM344,Thulamela,0.009738,0.006328,0.003174,0.005203,0,0,0,0,0.002665,0.004403,0.007401,0.003408,516031,3.0908433796,1.7154085704,0.8022735068,0.5420023216,0,0,0,0,0.754266701,1.2927711707,0.7842784639
NW402,Tlokwe,0.00267,0.005514,0.001406,0.011464,0.009495,0.012509,0.013857,0.015001,0.010034,0.010027,0.005798,0.008887,162762,4.0641304481,5.8609810644,1.8254199383,14.1364876322,16.2949337069,16.9021700397,18.5480886202,18.0873053907,17.9088362148,12.6025116428,7.2386429265
FS182,Tokologo,0.002055,0.000856,0.00295,0.012368,0.000933,0.001307,0.001606,0.001926,0.001216,0.000607,0.000575,0.001482,28986,0.5819361071,0.62764783,2.293590009,1.2607465673,0.8550679638,2.0549920651,0.8383012489,0.3279859242,1.1246808804,0.3950182847,0.319119575
NC085,Tsantsabane,0,0.000006,0.00718,0.000082,0,0.000013,0,0,0.000457,0,0.000594,0.000355,35093,0,0.0066964922,2.0604109082,0.0362465449,0,0.0117687288,0,0,0.4917504916,0,0.5864987319
TSH,Tshwane,0.00032,0.000215,0.000183,0.000244,0.000172,0.000187,0.000274,0.000147,0.000251,0.000172,0.000134,0.000207,2921488,0.5258967348,0.316802602,0.3360527238,0.375499403,0.3072834802,0.3270641536,0.4530105891,0.2583337669,0.4860071306,0.316283346,0.26526722
EC132,Tsolwana,0.000149,0.000144,0.000176,0,0.000069,0.000042,0.000047,0.000056,0.000071,0,0.000796,0.00008,33281,0.0622877918,0.032450948,0.0480754785,0,0.0420660437,0.0090141522,0.0210330218,0.0901415222,0.0390613263,0,0.0361167032
NW382,Tswaing,0.000648,0.000783,0.000849,0.000361,0.000369,0.000612,0.000129,0.001235,0.000691,0.003379,0.000413,0.000669,124218,0.0693055757,0.1428536927,0.1263745995,0.0882078282,0.1270830314,0.0666892077,0.0429406366,0.0973852421,0.2190181777,0.4297525318,0.122373569
FS183,Tswelopele,0.000751,0.000827,0.004548,0.001284,0.000863,0.000932,0.005269,0.003716,0.000676,0.002453,0,0.001171,47625,0.5026771654,0.3779527559,0.48,0.6641469816,0.7972703412,0.5942257218,0.5816272966,0.719160105,0.943832021,0.3926509186,0
KZN434,Ubuhlebezwe,0.000257,0.020681,0.012766,0.009716,0.001491,0.001512,0.002114,0.00766,0.001132,0.000982,0.000915,0.003388,101691,0.1017789185,2.5738659272,2.1679991346,0.2120246629,0.4655377565,0.2870362176,0.3456844755,0.3316812697,0.3166750253,0.221307687,0.1839690828
NC071,Ubuntu,0.048702,0.155647,0.147472,0.166447,0.093822,0.389005,0.184517,0.250347,0.189256,0.20448,0.139373,0.165161,18601,64.6932960594,118.385839471,118.3861620343,58.8742540724,74.6394279877,277.6056126015,146.6592656309,100.9701628945,150.5392720821,139.1999354873,124.2111714424
KZN265,Ulundi,0.000826,0.016711,0.000382,0.00135,0.000501,0.000524,0.000313,0.002531,0.000295,0.001065,0.000549,0.000702,194908,0.2320222874,0.2460596794,0.1241354896,0.0591612453,0.088816262,0.074327375,0.0446877501,0.0537125208,0.0800993289,0.0788936319,0.1184764094
KZN213,Umdoni,0,0,0,0,0,0,0,0,0,0,0,0,160975,0,0,0,0,0,0,0,0,0,0,0
KZN275,uMhlabuyalingana,0.001383,0.001007,0.003502,0.007883,0.002937,0.001066,0.003896,0.010557,0.000374,0.000456,0.000254,0.001963,175425,0.2537836682,0.1316745048,0.4232407012,0.4543252102,0.6596266211,0.2238905515,0.5766794927,0.4817443352,0.0896451475,0.1077383497,0.0396237708
KZN285,uMhlathuze,0.001816,0.019156,0.03246,0.009316,0.032933,0.024556,0.032646,0.021069,0.087393,0.035912,0.034805,0.027487,47818,0.7486720482,4.4168304822,9.622966247,5.4881634531,15.0643272408,12.6056505918,12.3181647079,10.7941988373,23.0604374922,15.4962148145,12.5928311514
MP323,Umjindi,0.000494,0.000585,0.000187,0.000208,0.00074,0.001195,0.000666,0.003456,0.000712,0.000021,0.001216,0.000815,67156,0.2947167788,0.2572368813,0.182187742,0.0521472393,0.5642980523,0.7074870451,0.4841562928,1.8117517422,0.5771934004,0.0155607838,0.8682023944
KZN286,uMlalazi,0,0,0,0,0,0,0,0,0,0,0,0,114416,0,0,0,0,0,0,0,0,0,0,0
KZN226,uMngeni,0,0,0.001008,0.003116,0.000096,0.001023,0,0.000834,0.000123,0.000222,0,0.000412,63142,0,0,0.1702511799,0.141268886,0.0071267936,0.2053783536,0,0.6889233791,0.1076937696,0.1076937696,0
KZN227,uMshwathi,0.000045,0.000053,0.000057,0.000178,0.000055,0.000025,0.00004,0.031131,0.000032,0.001214,0.000168,0.000947,65793,0.0114753849,0.0099554664,0.0096210843,0.009347499,0.0131320961,0.0072044138,0.0071132187,1.7412186707,0.0086331373,0.2910036022,0.0594136154
NC072,Umsobomvu,0.000034,-0.000105,0.04148,0.212816,0.030986,0.00845,0.012554,0.00269,0.000911,0.00143,0.009708,0.02847,28376,0.0290738652,-0.0545179025,31.783972371,157.2942979983,32.6746193967,4.8156540739,9.2963067381,2.2329080913,0.9975331266,0.7667747392,10.4924231745
KZN236,Umtshezi,0,0,0,0.000653,0.000034,0,0.000105,0.000105,0,0,0,0.000024,113073,0,0,0,0.0172454963,0.0101704209,0,0.0176876885,0.0017687688,0,0,0
KZN214,uMuziwabantu,0.001455,0.001081,0.001111,0.001925,0.001361,0.000505,0.000454,0.000492,0.000169,0.000444,0.000842,0.000725,96556,0.1464124446,0.2786051618,0.2394879655,0.1680268445,0.1384792245,0.1481523675,0.1435436431,0.0358962675,0.0599030614,0.1020754795,0.0862297527
KZN245,Umvoti,0.002464,0.002591,0.005102,0.005474,0.005561,0.0032,0.004512,0.004103,0.003763,0.002696,0.002905,0.003788,103093,0.8421231315,0.8404159351,1.6208665962,1.5422967612,2.4843587828,1.3109813469,1.444753766,1.7840784534,1.8494660161,1.477141998,1.1871126071
KZN435,Umzimkhulu,0.002047,0.002996,0.005055,0.019531,0.003291,0.004468,0.004349,0.016965,0.002548,0.004635,0.004774,0.004225,180302,0.4323801178,0.4949972823,0.6904804162,0.6736752781,0.8503067076,0.7052057104,0.8181273641,0.7183780546,0.8013776885,0.9940766048,0.8881265876
EC442,Umzimvubu,0.035055,0.012335,0.07467,0.076538,0.005911,0.0039,0.002677,0.030059,0.040133,0.002539,0.015074,0.010666,191620,1.1562728316,1.3103486066,1.0755662248,1.0755662248,0.4129475003,0.3921824444,0.3971192986,0.8702745016,0.8423911909,0.588607661,0.2478864419
KZN215,Umzumbe,0,0,0,0,0,0,0,0,0.000014,0,0,0.000002,52540,0,0,0,0,0,0,0,0,0.0038066235,0,0
KZN266,uPhongolo,0.01275,0.022612,0.015843,0.012143,0.060706,0.051616,0.074432,0.159935,0.013552,0.028286,0.015787,0.023011,188317,3.8301481013,4.6091908856,5.7868062894,5.1426796306,9.0105938391,5.3927632662,3.9623719579,2.9008321076,5.108604109,7.2778187843,2.6492881684
NW401,Ventersdorp,0.03587,0.030543,0.044997,0.069499,0.016946,0.011702,0.028163,0.083176,0.015825,0.058428,0.041876,0.03287,56702,20.1941906811,39.9918168671,26.4930161194,15.8901626045,14.95068957,8.1082148778,14.1287432542,22.4250996438,14.8119290325,32.7710310042,23.14909527
MP311,Victor Khanye,0.00125,0.00087,0.001424,0.002578,0.001156,0.000841,0.001302,0.000845,0.000623,0.000074,0.000653,0.000996,75452,1.072827758,0.5594417643,1.2070720458,1.6330249695,1.1444096909,0.640977045,1.1554365689,0.5655118486,0.6638260086,0.077877326,0.6620235381
KZN216,Vulamehlo,0.001911,0.002346,0.001364,0.008604,0.003203,0.000894,0.010589,0.020878,0.012083,0.014257,0.015254,0.00763,256135,1.0124426572,1.3006383353,0.6483963535,3.6377535284,2.2717238956,0.4494973354,6.2074296758,5.3000175689,8.8884416421,8.8106974837,5.1689031175
GT483,Westonaria,-0.00242,-0.006449,-0.004721,-0.019214,-0.010381,0.00347,0.00853,0.020471,0.000787,0.015239,0.000198,0.000732,111767,-2.2396145553,-5.1665428973,-5.0227079549,-9.1217980263,-8.6690346882,3.1222632799,4.6877074628,13.9269641307,0.8219510231,14.0368624012,0.1395134521
WC022,Witzenberg,0.000825,0.004639,0.007761,0.003318,0.001581,0.003942,0.001412,0.002089,0.001383,0.004677,0.003087,0.00261,115946,0.8446949442,1.6852586549,2.9435168095,1.8920963207,1.6261621789,2.2060873165,0.9882359029,1.3413744329,1.4983785555,2.7806737619,2.053809532
